sex,age,exp,q28,q29,q30,q31,q32,q40_1,q40_2,q40_3,q40_4,q40_5,q16_part
2,18,3,1,1,1,0,4,0,0,1,1,1,5
1,41,4,1,1,1,1,6,0,0,1,1,1,1
1,21,3,1,1,1,0,5,0,0,1,1,0,5
2,35,4,1,1,1,0,6,1,1,1,1,1,5
2,57,2,1,0,1,0,6,1,0,1,1,1,5
2,79,3,1,1,1,0,5,0,0,1,1,0,5
2,68,4,1,0,0,0,6,0,0,1,1,1,5
2,70,1,1,1,1,0,5,0,0,1,1,0,5
2,74,2,1,1,0,0,5,0,0,0,0,0,5
2,34,4,1,1,1,0,6,0,0,1,1,1,5
1,69,1,1,0,0,0,3,0,0,1,1,1,5
2,64,2,0,1,0,0,6,0,1,1,1,1,1
1,48,3,1,1,0,0,5,0,0,1,1,0,5
2,78,4,0,0,0,0,5,0,0,0,0,0,5
2,82,1,1,1,0,0,5,0,0,0,0,0,5
2,50,2,1,1,0,0,5,0,0,1,1,0,3
2,76,3,1,0,0,0,3,1,0,0,1,0,5
1,32,4,0,1,1,1,6,0,1,1,1,1,5
2,52,1,1,1,0,0,5,0,0,1,1,1,5
2,32,2,1,1,1,1,6,0,0,1,1,1,5
2,25,3,1,1,0,0,6,0,0,1,1,0,5
2,74,2,1,1,0,0,6,0,0,1,1,0,5
1,76,3,1,1,1,1,6,0,0,1,1,1,5
2,68,4,0,1,1,0,6,0,0,1,1,1,5
1,37,1,1,1,0,0,3,0,0,1,1,1,5
1,18,4,1,1,0,0,3,0,0,1,1,1,1
1,74,1,1,1,0,0,5,0,0,0,1,0,5
2,54,1,1,0,0,0,4,0,0,1,1,0,1
2,37,2,0,1,0,0,4,0,0,0,1,1,5
2,32,2,1,1,0,0,5,0,0,1,1,1,1
2,21,3,1,1,0,0,4,0,1,1,1,1,5
1,58,4,1,1,1,1,5,0,1,1,1,0,5
2,57,4,1,1,0,0,4,0,0,1,1,1,5
1,33,3,0,0,0,0,6,0,0,1,1,1,1
2,27,1,0,1,0,0,6,0,0,1,1,1,5
2,47,4,1,1,1,1,6,0,0,1,1,1,1
2,34,2,0,1,1,0,6,0,0,1,1,1,5
2,26,3,1,1,1,0,6,0,0,1,1,1,5
2,19,2,0,1,0,0,4,0,0,1,1,1,5
1,26,3,1,1,1,0,6,0,1,1,1,1,5
2,65,3,0,1,0,0,6,0,1,1,1,1,1
2,54,1,1,1,1,0,6,0,0,1,1,1,5
2,23,4,1,1,1,0,6,0,1,1,1,1,5
2,35,2,1,1,0,0,6,0,1,1,1,1,5
2,35,2,1,1,0,0,4,0,1,1,1,1,5
1,62,4,1,1,0,0,6,0,1,1,1,1,1
1,85,2,1,1,1,1,6,0,0,1,1,0,1
2,48,2,1,1,0,0,5,0,0,1,1,1,5
2,55,1,0,1,0,0,5,0,0,1,1,0,1
2,26,4,1,1,0,0,6,0,1,1,1,1,5
2,76,3,1,0,0,0,4,0,0,1,1,1,3
1,25,4,1,1,1,0,6,0,1,1,1,1,5
1,42,4,1,1,1,0,4,0,1,1,1,0,5
1,20,1,1,1,0,0,4,0,1,1,1,1,5
2,75,2,1,1,1,0,4,0,0,1,1,0,5
2,75,3,0,1,1,0,4,0,0,1,1,0,5
2,35,4,1,1,0,0,6,0,1,1,1,1,1
2,23,1,1,1,0,0,4,0,0,0,1,1,5
2,24,1,1,1,0,0,6,0,0,0,1,1,5
1,34,2,0,1,1,0,6,0,1,1,1,1,5
1,68,1,1,1,1,0,6,0,0,1,1,1,1
2,69,3,0,0,0,0,5,0,0,0,1,0,5
1,25,1,1,1,1,0,4,0,0,1,1,1,5
2,56,2,1,1,0,1,6,0,0,0,1,1,5
2,52,3,1,0,0,0,4,0,0,1,1,0,5
1,27,2,1,1,1,0,4,0,1,1,1,1,5
2,31,4,0,0,0,0,5,0,1,1,1,1,5
2,38,4,0,1,1,0,6,0,0,1,1,1,5
1,40,3,1,1,0,0,4,0,1,1,1,1,5
2,68,1,1,1,0,0,3,0,0,0,1,0,5
1,21,4,1,1,0,0,4,0,0,1,1,1,5
1,55,4,1,1,0,0,4,0,0,1,1,1,1
2,68,2,1,1,0,0,6,0,0,1,1,1,5
1,22,2,1,1,0,0,4,0,0,1,1,1,1
2,79,3,1,0,0,0,4,0,0,0,0,0,3
2,32,1,0,1,0,0,4,0,0,1,1,1,5
2,77,3,1,0,0,0,4,0,0,0,1,0,5
1,21,4,0,1,1,0,4,0,0,1,1,1,5
2,25,3,1,1,1,1,6,0,1,1,1,1,5
2,63,1,0,1,1,0,5,0,0,0,1,0,2
1,74,2,1,1,1,0,2,0,0,0,1,0,3
2,56,2,1,1,1,0,6,1,0,1,1,1,5
2,56,4,1,1,0,1,6,0,0,1,1,1,5
2,46,1,1,1,0,0,6,0,0,1,1,1,5
1,56,1,1,1,1,1,5,0,0,0,1,0,1
1,55,2,1,1,1,1,6,0,1,1,1,1,4
2,56,3,1,1,0,1,6,0,1,1,1,1,5
1,53,4,1,1,1,0,4,0,0,0,1,0,5
2,43,1,1,1,0,0,5,0,1,1,1,1,5
2,58,3,0,1,1,0,5,0,0,0,1,0,5
2,56,2,0,1,0,0,5,0,0,1,1,0,5
1,20,3,0,1,0,0,4,0,1,0,1,1,5
1,44,1,0,1,1,0,4,0,0,1,1,1,5
2,22,2,1,1,0,1,6,0,0,1,1,1,5
2,65,3,0,0,0,0,6,0,1,1,1,1,3
2,52,4,1,1,0,1,4,0,0,0,1,1,1
1,21,1,1,1,1,1,6,0,0,1,1,1,5
1,21,2,1,1,1,0,4,0,0,1,1,1,5
2,50,3,1,1,0,0,5,0,1,1,1,1,1
2,40,4,1,1,1,0,5,0,0,1,1,0,5
1,49,4,0,1,1,0,5,1,0,1,1,1,5
1,27,1,1,1,1,1,6,0,1,1,1,1,5
2,22,2,1,1,1,1,6,0,0,1,1,1,5
1,68,1,1,1,1,1,6,0,0,1,1,0,5
2,79,4,1,0,1,0,5,0,0,0,0,0,3
2,38,1,0,0,1,0,4,0,1,1,1,1,5
2,40,2,1,0,1,0,5,1,0,1,1,1,5
2,45,1,1,1,0,0,4,0,0,1,1,0,5
2,31,4,1,1,1,0,4,0,0,1,1,0,5
2,43,1,0,1,1,0,4,0,1,1,1,1,5
2,28,2,1,1,0,0,5,0,0,1,1,1,5
1,54,3,1,1,1,1,5,0,0,1,1,1,5
1,21,3,1,1,1,0,5,0,0,1,1,1,5
1,44,4,0,1,1,1,4,0,1,1,1,1,5
2,82,2,0,0,0,0,4,1,0,1,1,0,1
1,42,1,1,1,0,0,5,1,1,1,1,1,5
2,26,3,0,1,0,0,6,1,1,1,1,1,1
2,45,4,1,1,0,0,4,0,0,1,1,1,5
2,27,4,1,1,1,0,6,0,0,1,1,1,5
2,47,1,1,1,0,0,6,0,1,1,1,1,1
1,77,2,1,1,1,0,5,0,1,1,1,1,3
1,75,3,1,1,1,0,2,0,0,1,1,1,1
1,56,4,1,0,1,1,7,0,0,0,1,1,5
2,51,1,1,0,0,0,2,0,1,1,1,1,1
2,37,2,0,1,0,0,4,0,0,0,1,1,1
2,24,3,0,1,0,0,4,0,0,1,1,1,5
2,89,3,1,0,1,0,4,0,0,0,1,0,1
1,85,4,0,1,0,0,5,0,0,1,1,1,5
1,64,1,1,1,0,1,6,0,0,1,1,1,1
2,70,2,0,0,0,0,6,0,0,1,1,1,3
2,78,4,1,1,1,0,4,0,0,1,1,0,1
2,34,2,1,1,0,1,6,0,1,1,1,1,3
2,37,1,0,1,1,1,6,0,0,1,0,0,3
2,22,4,0,0,1,0,6,0,1,1,1,1,4
2,79,1,0,1,0,0,6,1,0,1,1,1,3
1,34,2,0,1,1,0,5,0,1,1,1,0,1
2,50,2,1,1,1,0,5,0,1,1,1,1,1
2,36,3,0,1,0,0,4,0,0,1,1,1,5
2,44,4,0,1,1,0,6,0,0,1,1,1,1
1,58,1,1,1,1,0,5,0,1,1,1,1,5
2,65,2,1,1,0,0,5,0,0,1,1,0,1
1,73,1,1,1,0,0,4,0,0,1,1,0,5
2,26,2,1,1,1,1,6,0,0,1,1,1,5
2,60,2,0,1,0,0,5,0,0,1,1,1,2
1,36,3,1,1,0,0,4,0,0,1,1,1,5
2,67,4,1,0,1,0,4,0,0,1,1,0,5
2,78,4,0,1,1,0,4,0,1,1,1,0,5
2,38,2,1,1,0,0,4,0,0,1,1,1,5
2,79,1,1,0,0,0,5,0,0,1,1,1,5
2,48,3,1,1,0,1,7,0,1,1,1,1,5
2,66,2,1,1,0,0,5,0,0,0,1,0,5
2,36,3,1,1,0,1,6,0,0,1,1,1,5
2,39,4,1,0,0,0,4,0,0,0,1,1,5
2,85,1,1,0,0,0,3,1,0,0,1,1,1
2,22,4,1,0,0,1,5,0,0,1,1,1,5
1,59,2,1,1,1,1,6,0,0,1,1,0,5
1,28,3,0,1,1,0,6,0,0,1,1,1,3
1,25,2,1,1,0,0,4,0,1,1,1,1,3
2,60,3,0,1,0,0,4,0,1,0,0,0,1
2,63,1,0,1,0,0,6,1,0,1,1,1,5
2,69,2,1,1,1,0,6,0,0,1,1,0,1
2,65,1,1,1,1,1,6,0,1,1,1,1,1
2,82,3,1,1,0,0,5,0,0,1,1,1,5
2,30,2,0,1,1,1,6,0,1,1,1,1,1
2,18,3,1,1,1,0,4,0,1,1,1,1,5
1,85,4,1,1,1,0,1,0,0,1,1,0,3
2,59,4,0,1,1,1,6,0,1,1,1,1,1
1,35,2,1,1,1,0,4,0,0,1,1,1,5
2,37,1,1,0,0,0,5,0,0,1,1,0,5
2,26,2,1,1,1,0,6,0,0,1,1,1,1
2,79,3,1,1,1,1,4,0,0,1,0,0,5
1,43,4,1,1,1,0,6,0,1,1,1,1,1
1,71,1,1,1,1,1,6,0,1,0,1,1,5
1,47,4,1,1,1,0,5,0,1,1,1,1,5
1,28,1,1,1,1,1,6,0,0,1,1,1,5
2,63,2,1,1,0,0,6,1,0,1,1,1,1
1,21,3,1,1,1,1,4,0,0,1,1,1,5
2,63,1,1,1,0,1,5,0,0,1,1,1,1
2,66,4,1,1,1,0,4,0,0,1,1,1,5
1,33,1,0,1,1,0,6,0,1,1,1,0,1
1,21,2,1,1,0,1,5,0,0,1,1,1,5
2,59,2,1,0,0,0,5,0,0,0,1,0,3
2,34,3,1,1,1,1,5,0,0,1,1,1,1
2,59,4,1,1,0,0,4,0,0,1,1,1,1
1,44,1,1,1,1,1,6,0,1,1,1,1,5
1,37,2,1,1,1,1,6,0,1,1,1,1,1
2,79,3,1,1,0,0,5,0,1,1,1,1,5
2,20,4,1,1,0,0,4,0,1,1,1,1,5
2,77,2,1,0,1,0,1,0,0,0,0,0,1
1,90,3,1,1,1,1,4,0,0,1,1,0,1
2,35,4,0,1,0,0,4,0,0,1,1,0,5
2,40,1,1,1,0,0,6,0,0,0,1,0,5
2,71,2,0,0,0,0,4,0,0,1,1,0,1
2,27,3,0,1,0,0,6,0,0,1,1,1,3
2,37,4,1,1,0,0,6,0,0,1,1,1,5
2,18,1,1,1,0,1,4,0,0,1,1,1,5
1,60,2,1,1,1,1,5,0,0,1,1,1,1
1,26,2,1,1,1,0,6,0,1,1,1,1,5
2,21,3,0,0,0,0,6,1,0,0,1,1,5
2,42,4,1,1,0,0,6,0,0,1,1,1,3
1,23,1,1,1,0,1,6,0,0,1,1,1,5
2,81,3,1,1,0,0,6,0,0,1,0,1,3
2,55,2,1,1,1,0,6,0,1,1,1,1,5
1,50,4,1,1,1,1,6,1,1,1,1,1,5
1,32,4,1,1,1,1,6,0,1,1,1,1,5
2,49,1,1,1,0,0,6,0,0,1,1,1,3
1,61,2,1,1,1,1,5,0,0,1,1,0,
1,75,3,1,1,0,0,2,0,0,0,1,0,5
2,36,4,1,1,1,0,5,0,0,1,1,1,5
2,78,3,1,0,0,0,2,0,0,1,1,0,5
2,36,4,1,1,0,0,5,0,1,1,1,1,2
2,81,1,1,0,0,0,5,0,0,0,0,0,2
2,19,2,1,0,0,0,4,0,0,1,1,0,5
1,62,3,1,1,0,1,6,0,0,1,1,1,5
1,73,1,1,1,0,0,6,0,0,1,1,0,3
1,52,2,1,1,1,0,4,0,0,1,1,0,5
2,77,3,0,1,0,0,6,0,0,1,1,0,5
2,58,4,0,1,0,0,5,0,0,1,1,0,5
1,40,3,1,1,0,0,6,0,0,1,1,1,5
2,46,2,1,1,0,0,6,0,1,1,1,1,5
2,68,4,1,1,1,1,6,0,1,1,1,1,5
2,62,1,1,1,1,0,6,0,0,1,1,1,1
2,65,2,1,1,0,0,5,0,1,1,1,1,3
2,46,3,1,1,0,0,5,0,0,0,0,0,5
2,20,4,1,1,0,0,4,1,0,1,1,1,5
1,81,1,0,1,1,0,4,0,0,0,1,0,1
2,60,2,1,1,0,0,6,1,0,1,1,1,5
2,42,2,1,1,1,0,7,0,0,0,1,0,5
2,34,3,0,0,0,0,4,0,0,0,1,0,5
1,35,4,1,1,1,0,6,1,1,1,1,1,5
2,52,1,0,1,0,0,6,0,1,1,1,1,5
2,65,2,0,1,0,0,4,0,0,0,1,1,3
2,39,3,1,0,0,0,4,0,0,1,1,0,1
2,26,3,1,1,1,0,7,0,0,1,1,1,5
2,58,4,1,1,1,1,6,0,1,1,1,1,5
2,64,1,1,1,1,0,6,0,0,1,1,0,5
2,18,4,0,0,0,0,4,1,1,1,1,1,5
1,35,1,1,1,0,1,4,0,0,0,0,1,
2,72,2,0,1,0,0,4,0,0,0,1,0,5
1,19,3,1,1,1,0,4,0,0,0,1,1,1
2,57,4,1,1,1,0,6,0,0,1,1,1,5
1,53,1,1,1,1,0,4,0,1,1,1,1,
2,63,2,0,0,0,0,5,0,0,1,1,1,1
1,31,3,0,1,0,0,6,0,0,1,1,1,5
2,72,4,1,1,1,0,4,0,0,0,1,1,3
1,64,3,1,1,1,0,6,0,1,1,1,1,3
2,79,1,1,1,0,0,5,0,0,0,0,0,3
1,65,2,0,0,0,0,5,1,0,1,1,0,1
2,55,3,1,1,1,0,6,0,1,1,1,1,5
2,29,4,1,1,0,0,6,0,1,1,1,1,5
1,32,4,1,1,1,1,6,0,1,1,1,1,5
2,71,1,1,0,0,0,4,0,0,1,0,0,3
2,60,3,1,1,0,0,6,0,1,1,1,1,5
1,33,1,1,1,1,0,3,0,0,1,1,1,5
2,29,2,1,1,1,1,6,0,0,1,1,1,5
1,80,2,1,1,1,1,4,0,0,1,1,1,5
1,46,3,1,1,1,0,6,0,1,1,1,1,5
1,57,4,1,1,1,1,6,0,0,1,1,1,5
2,25,3,1,1,1,1,6,0,0,1,1,1,1
2,32,4,1,1,0,0,6,0,0,1,1,1,1
1,77,1,1,1,1,1,7,0,1,1,1,1,1
2,39,2,0,1,1,1,5,0,0,0,1,1,5
2,30,4,1,1,0,0,4,0,0,1,1,0,1
1,36,3,1,1,1,1,4,0,1,1,1,1,5
2,41,1,1,1,0,0,5,0,1,1,0,1,5
1,64,2,1,0,1,0,4,0,0,0,1,0,3
2,79,4,1,1,0,0,4,0,0,0,1,0,1
2,65,1,1,1,0,0,3,0,0,0,0,0,3
2,60,2,1,1,1,1,6,0,0,1,1,1,1
1,27,3,1,1,1,1,6,0,0,1,1,1,5
1,20,1,1,1,1,1,4,0,1,1,1,1,5
1,27,2,0,0,1,0,4,0,0,1,1,0,5
2,37,4,1,1,0,0,4,0,0,0,1,0,5
2,29,3,0,1,0,0,6,0,0,1,1,1,5
1,56,1,1,1,1,0,5,0,0,1,1,0,5
2,73,2,0,0,0,0,4,0,0,0,0,0,5
2,66,3,1,1,0,0,6,0,0,1,1,1,5
1,55,4,0,1,1,0,5,0,1,1,1,0,5
2,33,2,1,1,1,0,6,0,0,0,1,1,5
1,42,1,1,1,0,0,6,0,1,1,1,1,5
1,79,2,0,1,0,0,4,0,1,1,1,0,5
1,78,4,0,1,0,0,6,0,0,0,1,0,5
2,76,1,1,1,0,0,6,0,0,1,0,0,5
2,40,2,1,1,0,0,5,0,1,1,1,1,5
2,60,3,1,1,0,0,6,0,1,1,1,1,5
2,24,4,1,0,0,0,6,0,0,1,1,1,5
2,85,2,0,1,1,0,6,0,0,1,1,0,5
2,54,3,1,1,1,0,5,0,0,0,1,1,5
2,80,4,1,1,1,0,6,0,1,1,1,1,5
2,40,1,1,1,0,0,6,0,1,1,1,1,5
1,20,2,1,1,0,0,4,0,1,1,1,1,1
2,64,3,0,1,1,0,7,0,0,1,1,1,3
2,63,2,1,1,0,0,4,0,0,0,1,0,3
2,66,3,0,0,0,0,4,0,0,1,1,1,3
2,32,4,1,1,0,0,4,0,0,1,1,1,1
1,68,1,1,1,1,1,6,0,1,1,1,0,1
1,76,2,1,1,1,1,6,0,1,1,1,1,5
2,76,3,0,1,1,0,6,1,1,1,1,1,3
2,74,3,1,1,0,0,4,0,0,1,0,0,1
2,37,4,0,1,0,0,4,0,0,1,1,1,1
2,39,1,1,1,0,0,4,0,0,1,1,1,3
1,20,2,1,1,0,0,4,0,0,1,1,1,3
2,84,3,1,1,1,0,6,0,0,1,0,0,3
2,62,4,0,0,0,0,4,0,0,0,1,0,3
2,50,1,1,0,0,0,4,0,1,1,1,1,3
1,46,2,1,0,0,0,6,0,0,1,1,1,3
2,19,3,0,1,1,1,4,0,1,1,1,1,3
2,63,4,0,1,1,0,5,0,0,1,1,0,3
2,80,1,0,1,1,0,5,0,1,1,1,1,3
2,25,2,1,1,0,0,5,0,1,1,1,1,1
2,29,3,1,1,1,1,6,0,1,1,1,1,5
2,40,1,1,0,0,0,6,0,0,1,1,1,5
2,28,2,1,1,0,0,6,1,1,1,1,1,1
1,58,3,0,0,1,1,6,1,1,1,1,1,1
2,60,4,1,0,0,0,6,0,0,1,1,1,5
2,35,3,1,1,1,0,6,0,0,1,1,1,5
2,36,1,0,0,0,0,4,0,0,1,1,1,5
2,36,1,1,0,0,0,4,0,0,1,1,1,5
2,33,2,1,1,0,1,5,0,1,1,1,1,5
2,57,2,1,1,0,0,6,0,1,1,1,1,5
1,71,3,1,1,1,1,6,0,0,1,1,1,5
1,76,4,1,1,0,0,6,1,0,1,1,1,1
2,23,1,1,1,0,0,6,0,0,0,1,1,5
2,22,1,1,1,0,0,6,0,1,1,1,1,5
2,38,3,1,1,1,1,6,0,1,1,1,1,5
2,65,4,1,1,1,1,6,0,0,1,1,1,5
2,74,3,1,1,0,0,6,0,1,1,1,1,1
2,49,4,1,1,1,1,6,0,1,1,1,1,5
2,61,3,0,0,0,0,6,1,0,1,1,1,3
2,56,4,1,1,0,0,6,1,0,1,1,1,1
2,79,1,1,1,1,1,6,0,0,1,1,1,1
2,71,2,1,1,1,1,6,0,0,1,1,1,3
1,20,3,1,1,1,0,6,1,0,1,1,1,5
2,60,4,1,1,0,0,5,1,0,1,1,0,1
2,59,1,1,1,0,1,6,0,1,1,1,1,1
2,83,2,1,1,0,1,6,0,0,1,1,0,1
2,71,3,1,1,0,1,7,0,0,1,1,1,1
2,46,4,1,1,0,1,4,1,1,1,1,1,1
2,72,1,1,0,0,0,6,0,0,1,0,0,1
1,23,2,1,1,0,1,5,0,0,1,1,1,4
1,26,3,1,1,0,0,4,0,0,1,1,1,5
2,34,4,1,1,0,0,4,1,1,1,1,1,1
2,33,1,0,1,0,0,4,0,1,1,1,1,1
1,44,3,0,1,1,1,6,0,0,1,1,1,5
2,69,4,1,1,1,0,4,0,0,1,1,1,5
2,34,1,0,1,0,0,4,0,0,1,1,1,5
2,27,4,0,1,0,0,5,0,0,1,1,1,5
2,32,3,0,1,0,0,5,0,1,1,1,1,5
1,60,3,1,1,0,0,3,0,0,1,1,0,5
2,63,1,1,1,0,0,6,0,1,1,1,1,5
2,82,2,1,1,0,0,4,0,0,0,0,0,5
1,46,3,1,1,1,1,6,0,1,1,1,1,5
2,43,4,1,1,0,1,4,0,0,1,1,1,5
2,52,1,1,1,1,1,6,0,0,1,1,1,5
2,25,2,1,1,0,0,4,0,0,1,1,1,5
1,79,3,1,1,1,1,6,0,0,0,1,0,5
1,48,3,0,0,0,0,4,0,0,1,1,1,5
1,20,3,1,1,1,0,4,0,0,1,1,1,5
2,51,4,0,1,0,0,5,0,1,1,1,1,5
2,38,1,0,1,0,0,4,1,0,1,1,1,1
2,32,4,1,1,0,0,6,1,1,1,1,1,1
2,23,1,1,1,1,0,6,0,0,1,1,1,5
1,39,1,0,1,1,0,6,0,0,1,1,1,5
2,27,2,1,0,0,0,6,0,0,0,1,1,5
2,35,1,0,0,0,0,5,0,0,1,1,1,5
2,29,3,0,0,0,0,6,0,0,1,1,1,5
2,25,4,0,1,0,0,5,0,0,1,1,1,5
1,46,2,1,1,1,0,4,0,1,1,1,1,1
1,32,4,1,1,0,0,4,0,1,1,1,1,5
1,45,4,1,1,1,0,5,1,0,1,1,1,5
2,51,4,0,0,0,0,4,0,0,1,1,1,3
1,22,1,1,1,0,0,4,0,0,1,1,1,1
2,63,2,1,1,0,0,6,0,0,1,1,1,5
2,50,3,1,1,0,1,5,0,1,1,1,1,5
2,38,4,1,1,1,0,6,0,0,1,1,1,5
2,29,1,0,0,0,0,5,1,0,1,1,1,5
1,70,2,1,1,1,1,6,0,0,1,1,1,5
1,34,1,1,1,0,0,7,0,1,1,1,1,5
2,57,4,0,1,0,1,6,0,0,0,1,0,1
2,43,3,1,1,0,0,5,0,0,0,1,1,1
2,31,4,1,1,0,0,4,1,1,1,1,1,5
1,21,1,1,1,1,0,4,1,0,1,1,1,5
1,51,2,1,1,1,0,5,0,0,1,1,1,1
1,45,3,0,0,1,0,4,0,0,1,1,1,5
1,63,1,0,1,1,0,4,0,0,1,1,1,1
1,64,2,0,1,0,0,2,0,1,1,1,0,4
1,64,3,1,1,1,0,3,0,0,1,1,0,5
1,31,2,1,1,0,0,6,0,1,1,1,1,1
2,51,2,1,1,1,1,7,0,0,1,1,1,3
2,52,3,1,1,1,1,6,1,1,1,1,1,5
2,23,4,1,1,0,0,6,1,1,1,1,1,5
1,55,3,0,1,1,0,6,1,1,1,1,1,5
2,40,1,0,1,1,0,6,0,0,1,1,1,3
2,65,2,1,1,1,1,6,0,1,1,1,1,5
2,63,1,1,1,0,0,5,0,0,1,1,0,3
2,53,3,1,1,0,0,5,0,0,0,1,0,5
2,33,4,1,1,0,0,5,0,0,1,1,1,1
2,30,1,1,0,0,0,5,0,1,0,1,1,1
1,66,3,1,1,1,0,5,0,0,1,1,1,3
2,39,4,1,0,0,0,6,0,0,1,1,0,5
1,40,1,1,1,1,1,5,0,0,1,1,1,5
1,36,3,1,1,1,1,5,0,0,1,1,0,1
2,61,2,1,1,1,1,7,0,0,0,1,1,5
2,40,4,1,1,0,1,6,1,0,1,1,1,5
2,68,2,0,1,1,1,6,0,0,0,1,1,3
2,65,3,1,1,0,0,6,0,1,1,1,1,5
2,47,4,0,1,0,0,6,0,1,1,1,1,5
1,55,1,1,1,0,1,4,0,1,1,1,1,1
1,63,4,1,1,1,1,7,0,0,1,1,1,1
1,36,1,1,1,1,0,4,0,1,1,1,1,3
1,22,2,1,1,0,0,5,0,0,1,1,1,1
2,40,4,0,1,1,1,6,0,1,1,1,1,1
2,24,3,1,1,0,0,6,0,0,0,1,1,5
1,59,3,1,1,0,0,6,0,1,1,1,1,5
1,47,4,1,1,1,0,5,0,0,1,1,0,3
1,32,1,0,1,1,0,4,0,1,1,1,1,5
2,56,2,1,1,1,0,6,1,1,1,1,1,2
2,41,4,1,1,1,0,6,1,1,1,1,1,1
2,63,3,0,0,0,0,4,0,0,0,1,0,5
2,60,1,1,1,0,0,5,0,0,1,1,0,1
2,67,4,1,0,0,0,5,0,1,1,1,1,5
2,57,1,1,1,1,1,6,0,1,1,1,1,3
2,31,2,1,1,1,0,6,0,0,1,1,1,5
2,80,3,1,0,0,0,3,0,0,1,1,1,3
1,46,3,1,0,1,1,6,0,0,1,1,1,5
1,33,3,1,0,0,0,3,0,0,0,1,0,3
2,57,4,0,1,1,0,6,0,1,1,1,1,5
2,34,1,1,1,1,1,4,0,0,1,1,1,2
2,36,2,0,1,0,0,5,0,0,1,1,1,3
2,29,3,1,1,0,0,6,0,1,1,1,0,5
1,60,4,1,1,1,0,6,1,1,1,1,1,5
1,60,2,1,1,1,0,5,0,0,1,1,1,1
1,62,1,1,1,0,0,4,1,0,1,1,1,5
1,36,2,1,1,1,0,7,0,0,1,1,1,4
1,48,2,1,1,1,0,6,0,1,1,1,1,1
1,36,1,1,1,0,0,4,0,1,1,1,1,5
1,60,3,1,1,1,0,5,0,0,0,1,0,5
2,36,1,1,1,0,0,5,0,0,1,1,1,5
2,40,2,0,0,0,0,5,0,0,0,1,0,3
2,64,3,1,1,1,1,6,0,0,1,1,0,5
2,62,4,1,1,0,0,6,0,0,1,1,1,5
1,69,4,1,1,1,1,6,0,1,1,1,1,3
1,41,1,1,1,1,1,6,1,1,1,1,1,1
2,58,4,1,1,1,1,6,0,0,1,1,0,3
2,79,2,1,1,0,1,6,0,0,1,1,0,5
2,37,2,1,1,0,0,6,1,0,1,1,1,5
2,24,3,1,1,1,0,7,0,0,1,1,1,5
2,39,4,1,1,0,1,5,0,1,1,1,1,1
2,54,1,1,0,0,0,4,0,0,1,1,1,5
2,58,3,1,1,0,0,5,0,0,1,1,1,1
1,51,4,1,1,1,0,7,1,0,1,1,1,5
1,41,1,1,0,1,0,5,0,1,1,1,1,5
1,41,2,0,1,0,0,4,0,0,0,1,0,1
2,53,1,0,0,0,0,5,1,0,1,1,1,3
2,26,2,1,1,0,1,6,0,0,1,1,1,1
2,30,1,1,1,0,0,6,0,1,1,1,1,5
2,33,2,1,0,0,0,7,1,1,1,1,0,5
2,23,2,1,1,0,0,6,0,0,1,1,1,5
2,61,3,1,1,1,1,6,0,0,1,1,1,5
1,61,4,0,1,1,0,6,0,0,1,1,0,5
1,41,3,1,1,0,0,5,0,0,1,1,1,5
1,29,3,1,1,1,0,5,0,0,1,1,1,5
1,74,4,1,1,1,0,5,0,0,1,1,0,5
1,54,1,1,1,1,1,6,0,0,1,1,1,5
2,58,2,1,0,0,0,6,1,0,1,1,0,1
1,34,2,1,1,1,1,6,0,1,1,1,1,1
1,22,3,1,1,1,0,4,0,0,1,1,0,1
2,74,3,1,0,0,0,3,0,0,0,1,0,3
1,86,4,1,1,0,1,6,0,0,0,0,0,5
2,23,4,1,1,0,1,6,0,0,1,1,1,5
1,60,1,1,0,0,0,3,0,0,1,1,0,5
1,26,4,0,1,1,0,6,0,0,1,1,1,5
2,54,2,1,1,0,0,4,1,1,1,1,1,5
2,29,1,1,1,0,0,5,0,1,1,1,0,5
2,35,4,0,0,0,0,5,0,0,1,1,0,1
1,28,2,1,1,0,0,6,0,1,1,1,0,5
1,33,3,1,1,1,1,4,0,0,1,1,1,5
2,31,3,1,0,0,0,6,0,0,1,1,1,1
2,25,4,1,0,0,0,5,0,1,1,1,1,5
2,24,3,1,0,0,0,5,0,1,1,1,1,5
1,54,4,1,1,0,1,4,1,0,1,1,1,1
1,24,1,1,1,1,0,6,1,0,1,1,1,5
1,25,1,0,0,0,0,6,0,0,1,1,1,1
1,28,2,1,1,1,1,6,0,1,1,1,1,5
2,63,3,1,1,0,0,4,1,0,0,1,1,5
2,74,2,1,1,0,0,4,0,0,0,0,0,5
2,83,4,1,0,0,0,5,0,0,1,0,0,5
2,62,3,1,1,0,0,5,0,0,1,1,1,4
2,35,1,1,1,1,0,6,0,0,1,1,1,5
2,58,2,0,1,1,0,4,1,0,1,1,1,5
2,70,3,1,1,0,0,4,0,0,1,1,0,5
2,32,4,0,0,0,0,4,0,0,1,1,1,1
1,63,4,1,1,0,0,4,0,0,1,1,1,3
1,53,1,1,1,0,0,5,0,1,1,1,1,5
2,75,4,1,1,1,0,5,0,0,1,1,0,1
2,56,1,1,1,1,1,5,0,0,1,1,1,5
2,32,2,1,1,1,1,6,0,1,1,1,1,5
2,25,3,1,1,1,1,7,0,1,1,1,1,5
2,54,4,0,1,1,1,4,0,0,1,1,1,5
2,58,4,1,1,1,1,4,0,0,1,1,0,5
2,26,2,1,1,0,0,6,0,1,1,1,1,5
2,53,1,1,0,0,0,5,0,0,0,1,0,1
1,54,2,1,1,1,0,4,1,0,1,1,1,1
2,38,3,1,0,0,0,4,0,0,1,1,1,5
2,21,4,1,1,1,1,4,0,1,0,1,1,1
1,27,1,1,1,0,0,5,1,1,1,1,1,5
2,25,4,1,1,0,0,5,1,1,1,1,1,5
2,57,3,1,1,0,0,5,0,0,1,1,1,1
2,28,4,1,0,0,0,4,1,1,1,1,1,3
2,48,1,1,1,1,0,4,0,1,1,1,1,2
2,48,2,1,1,0,0,5,1,1,1,1,1,3
1,53,3,0,1,0,0,3,0,0,1,1,1,1
1,68,4,1,1,0,1,4,0,0,1,1,1,3
1,45,1,1,1,0,1,5,0,1,1,1,1,1
1,66,2,1,1,1,1,7,1,0,1,1,0,1
1,69,1,1,1,0,0,4,0,0,0,1,1,3
2,32,3,0,1,0,0,6,0,0,1,1,1,3
2,68,4,0,1,0,0,4,0,1,1,1,1,1
2,22,1,1,1,0,0,6,0,0,1,1,0,5
2,27,2,0,0,0,0,4,1,1,1,1,1,1
1,55,3,0,0,0,0,4,1,1,1,1,1,1
1,76,4,0,1,0,0,4,0,1,1,1,1,1
1,38,1,1,0,0,0,6,0,1,1,1,1,1
2,66,2,1,1,0,0,5,0,0,0,1,0,1
2,31,2,1,1,0,0,5,0,1,1,1,0,1
2,20,3,1,1,1,1,4,0,1,1,1,0,3
2,38,3,1,1,0,1,5,0,1,1,1,1,5
2,27,4,1,1,1,0,4,0,0,0,1,1,3
1,30,1,1,0,0,0,4,0,0,1,1,0,5
1,70,2,1,1,1,0,5,1,1,1,1,1,1
1,90,2,1,1,0,1,5,0,0,0,1,0,5
2,49,3,1,1,0,1,5,0,0,0,1,1,3
2,28,4,1,1,1,1,6,0,0,1,1,1,1
1,25,4,0,0,0,0,4,0,1,0,1,0,3
1,43,1,1,1,1,1,6,0,1,0,1,0,5
1,27,4,1,1,1,1,6,0,1,1,1,1,5
2,60,2,1,1,0,0,4,0,0,1,1,1,5
2,48,3,1,1,0,0,4,0,0,1,1,1,5
1,56,4,0,0,1,0,3,0,0,0,1,0,5
2,67,1,1,1,0,0,5,0,0,1,1,0,5
2,27,2,1,1,1,1,6,0,0,0,1,1,3
2,23,3,1,1,0,0,4,0,0,1,1,0,1
2,38,3,1,1,1,0,5,0,1,1,1,1,1
1,62,3,1,1,0,0,4,0,1,1,1,1,5
1,49,1,1,0,0,0,4,0,0,0,1,1,5
1,55,2,1,1,1,0,5,0,1,1,1,1,5
1,33,1,1,1,0,0,5,1,1,1,1,1,5
1,25,2,1,1,0,0,6,0,1,1,1,1,1
2,75,3,1,0,0,0,3,0,0,0,0,0,5
2,20,2,1,1,0,1,4,0,0,1,1,1,5
2,26,4,1,1,0,0,4,0,0,1,1,1,5
2,34,1,0,0,0,0,4,0,0,1,1,1,5
2,27,3,1,0,0,0,4,0,1,1,1,0,5
1,62,4,0,1,1,0,4,0,0,1,1,0,5
1,25,4,1,1,0,0,6,0,0,1,1,1,3
1,67,1,1,1,0,0,3,0,1,1,1,1,1
2,65,4,1,1,0,0,5,0,0,1,1,0,3
1,69,2,1,1,1,0,5,0,0,1,1,1,1
1,55,3,1,1,1,0,4,1,1,1,1,1,5
1,63,4,1,1,0,1,4,0,0,1,1,1,5
2,90,1,1,0,0,0,4,1,0,1,0,0,1
1,63,1,1,1,1,1,6,1,0,1,1,1,5
1,84,2,1,0,1,0,2,0,0,1,1,1,5
1,83,3,0,0,0,0,2,0,0,1,0,0,5
1,60,2,1,0,1,1,4,0,1,1,1,1,5
1,47,4,1,1,1,1,6,0,0,1,1,1,5
2,76,4,1,0,0,0,3,0,0,0,0,0,3
1,74,3,1,1,0,0,6,0,0,1,1,1,1
2,49,4,1,1,0,0,4,0,0,1,1,0,3
2,61,1,0,1,0,0,5,1,1,1,1,1,5
2,20,1,1,1,0,0,4,0,0,1,1,1,3
2,22,4,0,1,1,1,6,0,1,1,1,1,5
2,31,2,1,1,1,0,6,0,0,1,1,1,1
1,39,3,0,1,0,0,4,0,0,1,1,1,5
1,42,2,0,0,0,0,4,0,0,1,1,1,1
2,35,3,0,0,0,0,4,0,0,1,1,0,3
1,62,2,1,1,1,1,4,0,0,1,1,0,1
1,19,1,0,0,1,0,4,0,1,1,1,1,5
1,40,4,1,0,0,0,4,0,0,1,1,0,5
2,33,2,1,1,0,1,6,0,0,1,1,1,5
2,64,1,1,0,0,0,5,0,1,1,1,1,5
2,25,3,0,1,1,1,6,0,1,1,1,1,5
2,20,1,1,1,1,0,6,0,0,1,1,1,5
2,46,3,0,1,0,0,5,0,0,1,1,1,5
2,40,2,0,1,1,0,6,0,0,1,1,1,5
2,52,3,1,1,0,0,4,1,1,1,1,0,5
1,48,4,0,1,1,0,4,1,1,1,1,1,5
1,73,4,0,0,0,0,5,0,0,1,1,0,5
2,32,3,1,1,0,0,6,0,0,1,1,1,
1,65,1,1,1,1,1,6,0,0,1,1,0,5
1,44,2,1,1,1,1,4,1,1,1,1,1,1
1,41,1,0,0,1,0,5,0,0,1,1,1,5
2,71,2,1,1,0,1,6,0,0,1,1,1,3
1,18,3,1,1,1,0,4,1,1,1,1,1,5
2,68,4,0,1,1,0,6,1,1,1,1,1,5
2,82,2,1,0,0,0,6,1,1,1,1,1,3
2,61,3,0,1,0,0,5,0,1,1,1,1,5
2,57,4,1,1,1,0,5,0,1,1,1,1,5
2,28,1,0,0,0,0,6,0,0,1,1,1,5
2,20,2,1,1,1,0,6,0,1,0,1,1,5
2,64,1,1,1,0,0,5,0,0,1,1,0,3
1,43,1,1,1,0,0,4,0,0,1,1,0,3
1,42,1,0,0,0,0,5,0,0,1,1,1,5
2,30,2,1,1,1,0,5,0,0,1,1,0,5
2,59,3,1,1,0,0,4,0,0,1,1,0,1
2,66,4,1,1,1,1,6,0,1,1,1,0,5
2,23,1,1,1,0,0,5,0,1,1,1,0,5
2,18,2,1,1,0,0,4,0,0,1,1,0,5
2,49,3,1,1,1,1,5,0,1,0,0,0,5
1,30,4,1,1,1,1,6,0,1,1,1,0,5
2,67,1,0,1,1,0,5,0,1,1,1,0,5
2,29,1,0,1,0,0,6,1,1,1,1,0,5
2,32,2,0,1,0,0,4,0,0,1,1,0,5
1,57,3,1,1,1,0,5,0,0,1,1,1,5
1,62,4,1,0,0,0,5,0,1,1,1,0,5
1,22,1,1,1,0,0,4,0,0,1,1,0,5
2,59,2,0,1,0,0,5,0,0,1,1,1,5
2,37,4,0,1,0,0,5,0,1,1,1,1,1
2,25,2,0,1,0,0,5,0,1,1,1,1,5
2,48,1,0,0,0,0,5,0,0,1,1,1,5
2,82,1,0,1,1,1,6,0,0,1,0,0,1
1,43,4,1,1,0,0,3,0,0,1,1,1,5
1,35,1,1,1,1,1,5,0,1,1,1,1,5
2,71,2,1,1,0,0,4,0,0,1,1,1,5
2,61,3,1,1,1,0,5,0,0,0,1,0,1
2,23,1,0,0,0,0,6,0,1,1,1,1,5
2,50,4,0,1,0,0,5,0,0,1,1,1,5
2,38,3,0,0,0,0,5,0,1,1,1,1,1
2,39,4,1,1,1,1,6,0,1,1,1,1,1
2,44,1,1,1,1,0,6,0,0,1,1,1,5
2,57,2,0,1,0,0,4,0,1,1,1,1,5
2,36,1,0,0,0,0,3,0,0,1,1,1,1
2,55,2,1,1,0,0,4,0,1,1,1,1,5
2,66,2,0,1,0,0,5,0,1,1,1,1,1
2,35,3,1,0,0,0,4,0,0,0,0,0,1
2,20,1,1,0,0,0,5,0,0,1,1,1,5
1,56,3,1,1,1,1,6,1,0,1,1,1,5
1,60,4,1,1,0,0,6,0,0,1,1,1,1
2,45,2,1,1,0,1,7,0,1,1,1,1,1
1,61,4,0,1,1,0,6,0,0,1,1,0,5
2,27,1,1,1,0,1,6,1,0,1,1,1,5
2,24,2,0,1,0,0,5,0,0,1,1,0,5
2,33,3,0,1,1,0,4,0,0,1,1,1,5
2,59,4,0,1,1,0,6,0,0,1,1,1,1
1,83,1,1,1,1,0,4,0,0,1,1,1,5
1,21,2,1,1,0,1,4,0,0,1,1,1,1
2,46,3,1,0,0,0,5,0,1,1,1,1,1
2,31,4,0,1,0,0,6,0,1,1,1,0,1
2,39,2,1,0,0,0,4,0,0,1,1,1,5
1,73,2,1,1,1,1,6,0,1,0,1,1,5
1,29,3,1,1,1,0,6,0,1,1,1,1,5
1,42,4,1,1,0,0,6,0,0,0,1,1,5
1,68,1,0,1,1,0,4,1,1,0,1,1,5
2,77,2,0,1,0,0,3,0,0,1,1,0,5
2,30,3,0,1,0,0,5,0,0,1,1,1,5
2,81,4,0,0,0,0,5,0,0,1,1,0,3
2,43,1,0,1,0,0,6,1,1,1,1,1,5
2,53,1,1,1,1,1,6,0,0,1,1,0,5
2,61,2,1,0,0,0,5,0,0,1,1,1,5
2,43,3,1,1,1,0,6,1,1,1,1,1,5
2,53,3,1,1,1,1,6,0,1,1,1,1,5
2,18,4,1,1,0,1,4,0,0,1,1,1,5
2,60,1,1,1,1,0,6,1,1,1,1,0,5
1,56,2,1,1,0,0,5,0,1,1,1,1,5
1,20,3,1,1,0,0,5,1,0,1,1,0,5
1,23,4,1,1,0,0,3,1,0,1,1,1,5
2,58,4,1,0,0,0,4,1,0,1,1,1,4
2,47,1,1,1,1,0,5,0,0,1,1,1,5
1,69,2,1,1,0,0,3,0,0,0,0,0,3
1,66,3,1,1,1,0,5,0,0,1,1,1,5
1,78,1,0,1,1,0,5,0,0,1,1,1,5
1,26,3,0,1,0,0,4,0,0,1,1,0,5
1,75,4,1,1,1,1,6,0,0,1,1,0,5
2,50,1,0,1,0,0,5,0,0,1,1,1,1
2,79,2,1,1,1,0,5,0,0,1,1,1,5
2,27,3,1,1,0,0,5,0,1,1,1,1,4
2,51,4,0,0,0,0,4,0,0,0,1,1,1
2,55,2,1,0,0,0,5,0,0,1,1,0,3
2,19,2,1,1,0,0,4,1,0,1,1,1,5
2,69,3,1,1,0,1,6,0,1,1,1,1,5
2,76,4,1,1,1,0,6,0,0,0,1,0,1
1,63,1,1,1,1,1,6,1,0,1,1,1,5
1,20,2,1,0,0,0,4,1,0,1,1,1,5
2,20,3,0,0,0,0,6,0,1,1,1,1,5
2,79,4,1,1,0,0,5,0,0,0,1,0,5
2,57,1,0,1,0,0,5,1,1,1,1,1,5
2,82,2,1,0,0,0,6,0,0,0,1,0,5
2,86,3,1,0,0,0,6,0,0,1,0,0,5
1,75,1,1,1,0,0,4,0,0,1,1,1,3
1,39,2,1,1,0,0,3,0,0,1,1,0,5
2,61,3,1,1,0,0,4,0,0,1,1,1,3
2,60,4,1,1,1,1,5,0,0,1,1,1,3
2,68,2,1,1,0,0,4,0,1,1,1,1,3
2,70,3,1,0,0,0,4,0,0,0,1,1,3
2,53,4,1,1,1,0,4,0,0,1,1,1,3
2,32,1,0,1,0,0,4,0,1,1,1,1,1
1,70,2,1,1,1,1,6,0,0,1,1,0,3
2,66,3,1,1,0,0,5,0,0,0,1,0,1
2,57,4,1,1,0,0,5,0,1,1,1,1,3
2,54,1,1,1,0,0,4,1,0,1,1,0,1
2,74,2,1,1,0,0,4,0,0,1,1,0,3
2,73,3,1,1,0,0,4,0,0,0,1,0,3
1,30,4,1,1,1,0,4,0,1,1,1,1,1
2,21,1,1,1,1,0,4,0,0,0,0,0,1
2,70,2,1,1,1,0,5,0,0,1,1,1,5
2,40,3,1,1,0,0,4,0,0,1,1,1,1
1,63,4,1,1,0,0,4,0,0,1,1,1,3
2,61,1,0,1,1,0,6,0,1,1,1,1,3
2,57,4,1,1,0,0,6,0,0,1,1,0,5
2,55,3,1,1,0,0,4,0,0,1,1,1,5
2,64,2,1,1,0,0,4,0,0,1,1,1,1
2,85,4,1,1,0,0,6,0,0,1,1,1,5
2,56,1,1,1,1,0,7,1,1,1,1,1,3
1,101,2,1,1,0,0,6,0,0,1,1,1,3
2,36,1,1,1,0,0,4,0,0,1,1,1,1
2,38,2,0,1,0,0,5,0,0,1,1,1,1
2,35,3,1,1,1,0,6,1,0,1,1,1,5
1,76,4,0,1,0,0,2,0,0,0,1,1,4
1,62,1,1,1,1,1,6,0,1,1,1,1,5
2,38,2,1,1,1,0,6,0,0,1,1,1,5
2,75,3,1,1,1,0,6,0,0,1,1,0,4
2,68,4,1,1,1,1,6,0,0,1,1,1,5
1,78,1,1,1,1,0,5,0,0,1,1,1,5
1,36,2,1,1,1,0,4,1,0,1,1,1,3
2,54,3,0,1,0,0,4,0,0,1,1,1,5
1,43,4,1,1,1,1,6,1,1,1,1,1,5
2,45,1,0,1,0,0,4,0,0,0,1,0,3
1,23,2,0,1,1,0,4,0,0,0,1,1,1
2,59,3,0,1,1,0,6,0,0,1,1,1,2
2,23,2,0,1,1,0,6,0,0,1,1,1,1
2,64,4,1,1,1,0,6,0,1,1,1,1,5
1,20,1,0,1,1,1,4,0,0,1,1,1,3
1,76,1,1,1,0,0,7,0,0,1,1,0,1
1,57,2,1,1,1,0,6,0,0,1,1,1,5
2,52,3,1,1,0,1,6,1,0,1,1,1,1
2,64,4,1,1,0,0,6,0,0,1,1,1,5
2,58,1,1,1,1,0,6,0,0,1,1,1,5
2,25,2,0,1,0,0,6,1,0,1,1,1,1
1,83,3,1,1,0,0,4,0,0,1,1,0,1
2,60,4,1,1,1,1,6,1,0,1,1,1,5
1,34,1,1,1,0,0,4,0,0,0,1,1,5
2,73,2,1,1,1,1,6,1,0,1,1,1,5
1,70,3,1,1,1,0,6,1,1,1,1,1,5
2,76,4,1,1,0,0,6,1,1,0,1,1,1
2,44,1,1,1,0,1,4,0,0,1,0,1,5
1,22,2,1,1,1,0,6,0,0,1,0,1,5
2,44,3,0,1,1,1,6,0,0,1,1,1,1
1,76,4,1,1,1,1,6,1,1,1,1,1,1
1,64,3,1,1,1,0,6,0,1,1,1,1,1
2,78,4,1,0,0,0,6,0,1,1,1,1,5
1,80,1,1,1,1,1,7,1,1,1,1,1,5
2,86,2,1,1,1,0,5,0,0,1,1,1,3
2,35,3,1,1,0,0,6,0,0,1,1,1,5
2,79,4,1,1,1,1,6,0,0,1,1,0,5
1,62,1,1,1,1,1,6,0,0,1,1,1,5
2,86,1,0,1,0,0,3,0,0,0,1,0,5
2,20,2,0,1,1,1,4,1,1,1,1,1,1
2,27,3,1,1,1,0,5,1,1,1,1,1,5
2,33,4,1,1,1,0,6,1,1,1,1,1,1
1,65,1,1,1,1,0,4,0,0,0,1,0,5
1,21,3,1,1,1,1,4,0,0,0,1,1,1
1,41,2,1,1,0,0,4,0,0,1,1,1,5
2,68,4,0,1,0,0,4,0,0,1,1,0,3
1,27,1,0,1,0,0,4,0,0,1,1,1,3
2,28,2,1,1,1,1,6,0,1,1,1,1,3
2,26,3,1,1,1,1,6,0,0,1,1,1,5
2,63,4,1,1,1,1,6,0,0,1,1,1,5
1,59,1,1,1,1,1,6,0,1,1,1,0,3
2,63,2,1,1,1,1,5,0,0,1,1,1,1
1,35,3,1,1,1,0,6,1,1,1,1,1,5
2,26,2,1,1,1,0,6,0,0,1,1,1,1
2,39,4,1,1,1,0,5,0,0,1,1,1,5
2,66,4,1,1,0,0,6,0,0,0,0,0,3
1,50,1,1,1,1,0,4,0,1,1,1,1,3
1,76,2,1,1,1,1,6,1,0,1,1,1,1
1,29,1,1,1,1,1,6,0,1,1,1,1,1
2,48,3,0,1,1,0,5,0,0,1,1,1,5
1,56,2,1,1,0,0,5,0,0,0,1,0,2
2,77,4,1,1,0,0,4,0,0,0,1,0,3
2,77,1,1,1,1,1,6,0,0,1,1,1,5
1,67,2,1,1,1,1,6,1,0,1,1,1,5
2,72,4,1,1,1,0,6,0,1,1,1,1,5
2,36,3,1,1,0,0,4,0,0,1,1,1,1
2,62,3,1,1,1,1,6,1,1,1,1,1,5
2,29,3,0,1,1,0,6,0,1,1,1,1,5
1,68,4,1,1,1,1,6,0,1,1,1,1,3
1,82,1,1,1,1,0,6,0,0,1,1,0,1
2,20,1,1,1,1,0,6,0,0,1,1,1,2
2,57,2,1,0,1,1,6,1,1,1,1,1,5
2,79,4,1,1,1,1,6,0,0,0,1,0,5
2,61,1,1,1,0,0,6,0,0,0,1,0,2
2,45,4,1,1,0,0,5,0,0,1,1,1,5
2,47,2,1,1,0,0,6,0,0,1,1,0,5
2,55,3,1,0,1,0,4,0,0,0,1,1,
2,74,4,1,1,1,1,6,0,0,0,0,0,3
2,85,1,0,1,0,0,4,0,0,1,1,1,1
1,90,2,1,1,1,0,3,0,0,0,0,0,2
2,65,3,1,1,1,1,5,0,0,1,1,1,5
1,77,4,1,1,1,0,5,0,1,1,1,0,5
2,63,1,0,1,1,0,5,0,0,0,1,0,5
2,63,2,1,1,1,1,6,1,1,1,1,1,1
2,68,3,0,1,0,0,5,0,0,0,1,1,5
2,89,4,1,0,0,0,4,0,0,0,1,0,5
2,57,1,1,1,0,1,6,1,1,1,1,1,5
2,34,4,1,1,0,0,4,0,1,1,1,0,5
2,30,1,1,1,0,0,6,1,0,1,1,1,5
2,55,2,1,1,1,0,5,0,0,1,1,1,1
2,23,3,1,1,1,1,7,1,1,1,1,1,5
1,60,2,1,1,1,1,6,0,1,1,1,1,3
2,33,1,1,1,0,0,4,0,0,1,1,1,5
1,23,3,0,1,1,0,4,0,1,1,1,1,5
2,64,4,1,1,0,0,4,0,0,1,1,1,5
2,76,3,1,1,0,0,4,0,0,1,0,0,5
2,27,4,1,1,0,0,4,0,0,0,0,0,3
2,78,4,1,1,1,0,6,0,0,0,1,0,5
1,71,1,1,1,0,0,3,0,0,1,1,1,5
2,30,2,1,1,0,0,6,0,0,1,1,1,
2,83,3,1,1,1,1,6,0,0,1,1,0,5
1,57,4,1,1,0,0,6,0,0,1,1,1,5
2,65,1,1,1,1,0,5,0,0,1,1,1,5
2,47,2,1,0,0,0,4,0,0,1,1,1,5
2,55,3,1,1,1,0,4,0,0,1,1,1,5
2,19,1,1,1,0,0,4,1,0,1,1,1,1
2,38,4,1,1,0,0,4,0,0,0,1,0,1
2,33,2,0,1,0,0,4,0,1,1,1,1,5
2,76,3,1,1,0,0,3,0,0,1,1,1,3
2,68,4,1,0,1,0,5,0,0,0,1,0,5
2,48,3,0,1,0,0,5,0,0,1,1,1,3
1,43,2,1,1,1,0,6,0,0,1,1,1,1
1,80,1,1,1,1,0,5,0,0,1,1,0,5
1,23,2,1,1,1,0,5,0,1,1,1,1,5
2,65,4,1,1,1,0,6,0,0,1,1,1,5
2,75,3,1,1,0,0,5,0,0,1,1,0,1
1,58,4,1,1,1,0,6,0,1,1,1,1,3
1,69,1,1,1,0,0,4,0,1,1,1,1,5
2,47,4,0,1,1,0,7,0,0,1,1,1,5
2,53,1,1,1,0,0,5,0,0,1,1,1,1
2,68,2,1,0,0,0,4,0,0,1,1,0,1
2,33,3,1,0,1,0,4,0,0,1,1,1,3
1,61,4,1,1,0,0,5,1,1,1,1,1,5
2,63,1,1,1,0,0,4,0,0,1,1,1,5
2,88,2,1,1,1,1,6,0,0,0,0,0,3
1,89,4,1,0,1,0,5,0,0,1,0,0,1
2,60,1,1,1,1,1,3,0,0,0,1,0,3
2,72,1,1,0,0,0,5,1,0,1,0,0,3
2,62,2,0,1,1,0,6,0,0,1,1,0,5
2,34,1,1,1,1,0,4,0,0,0,1,0,1
1,72,3,0,0,0,0,3,0,0,1,1,1,1
1,27,3,0,1,1,1,4,0,0,0,1,1,3
2,28,3,0,0,0,0,6,0,0,1,1,1,1
2,63,4,0,0,0,0,5,0,1,1,0,0,5
2,38,4,0,0,0,0,5,0,0,1,1,1,1
2,19,1,0,0,0,0,4,0,0,1,1,1,5
1,54,2,1,1,1,1,5,0,0,0,1,1,5
2,24,3,1,1,1,1,6,0,0,1,1,1,5
1,52,1,1,1,1,1,6,0,1,1,1,1,1
2,82,4,1,1,0,0,5,0,1,1,0,0,5
2,22,1,0,1,0,0,6,0,1,0,1,1,5
1,48,2,1,1,1,1,6,0,0,1,1,1,3
2,55,3,0,0,0,0,3,0,0,0,0,0,5
2,30,2,1,1,1,1,5,0,0,1,1,1,1
1,60,4,1,0,1,0,4,1,0,1,1,1,1
1,67,3,1,1,1,1,6,1,0,1,1,0,1
1,69,4,1,1,1,1,6,0,0,1,1,1,1
2,60,1,1,1,1,1,4,0,0,1,1,0,1
2,60,2,1,1,1,0,5,0,0,0,1,0,1
2,56,1,1,1,1,0,4,0,0,0,1,0,1
1,35,3,0,0,0,0,3,0,0,1,1,0,1
2,73,2,1,0,1,0,5,1,0,0,0,0,2
2,35,3,1,1,0,1,4,0,0,1,1,1,5
2,38,3,1,1,1,0,4,0,0,0,1,1,1
2,39,4,1,1,0,0,4,1,1,1,1,1,1
2,36,4,1,1,1,0,4,0,0,1,1,1,1
2,50,1,1,1,1,1,6,0,1,1,1,0,3
2,39,2,0,0,0,0,5,0,1,1,1,1,1
1,79,3,0,0,0,0,6,0,0,1,1,1,1
1,19,4,1,1,1,0,4,0,0,1,1,0,5
1,28,1,1,1,0,0,5,0,1,1,1,1,5
2,60,1,1,1,1,1,3,0,0,1,1,0,1
2,32,2,1,1,1,1,5,0,0,1,1,1,1
1,22,3,1,1,1,0,4,0,0,1,1,1,5
1,68,3,0,1,0,1,4,0,0,1,1,0,1
2,69,2,1,1,1,1,5,0,0,0,1,0,3
2,68,4,0,0,0,0,5,0,0,0,0,0,5
1,23,1,0,0,0,0,6,0,0,0,1,0,3
2,40,2,1,1,1,1,6,0,0,0,1,1,3
1,40,4,1,1,0,0,3,0,0,1,0,0,1
1,65,4,1,1,1,1,6,1,1,1,1,0,5
2,76,1,0,0,0,0,3,0,0,1,1,0,5
2,40,2,1,0,0,0,4,0,0,0,1,0,1
2,42,3,1,1,0,0,4,0,1,0,1,0,3
1,74,4,1,1,1,0,5,0,0,1,1,0,5
1,71,1,1,0,0,1,6,0,0,0,1,1,3
2,62,1,1,1,0,0,4,0,1,1,1,0,3
2,32,2,0,1,1,0,6,0,1,1,1,1,5
2,28,3,1,1,1,0,5,0,1,0,1,0,1
2,30,4,1,1,0,0,6,0,1,1,1,1,1
2,22,1,0,0,0,0,5,0,1,1,1,1,5
2,18,2,1,1,0,0,5,1,1,1,1,1,5
1,27,3,0,1,1,1,6,0,0,1,1,1,5
2,19,4,1,0,1,0,4,0,0,1,1,1,5
2,25,4,1,1,0,1,6,0,1,1,1,1,5
2,37,2,0,1,0,1,5,0,1,1,1,1,1
1,66,1,1,1,1,1,5,0,1,1,1,1,3
2,60,2,1,0,1,0,4,0,1,1,1,0,5
2,39,3,0,1,1,0,5,0,0,1,1,1,1
1,39,4,1,1,1,0,4,0,1,1,1,1,1
2,19,1,1,1,0,1,4,0,0,0,1,1,5
2,27,2,0,1,1,0,6,0,0,0,1,1,3
2,65,3,1,1,0,0,5,0,0,1,1,1,5
1,50,3,1,1,1,0,4,0,1,1,1,1,1
1,27,4,1,1,1,0,4,0,0,1,1,1,5
1,73,1,1,1,1,0,3,0,0,1,1,0,5
2,24,2,1,1,0,0,6,0,0,1,1,1,5
1,28,3,1,0,0,0,5,1,0,1,1,1,5
2,43,4,1,1,0,1,4,0,0,1,1,1,1
1,27,1,1,1,1,0,6,1,1,1,1,1,5
1,63,2,1,1,0,0,5,0,0,1,1,1,1
2,64,4,1,1,0,0,4,0,0,1,1,0,1
2,53,1,0,1,0,0,4,0,0,1,1,1,5
2,35,2,1,0,0,0,4,0,1,1,1,1,1
1,26,3,1,1,1,0,6,0,0,1,1,1,5
1,23,4,1,1,1,0,4,0,1,1,1,1,5
2,29,1,1,1,0,1,4,0,1,0,0,1,3
2,38,2,0,1,0,0,4,0,0,1,1,1,5
2,37,3,1,1,1,1,5,1,0,1,1,1,5
2,25,4,1,1,1,0,4,0,0,1,1,1,1
1,64,1,1,1,1,0,6,0,0,0,1,1,3
2,77,2,1,1,1,0,3,0,0,1,1,0,5
2,51,3,1,1,0,0,5,0,0,1,1,1,1
1,68,4,1,1,1,1,6,0,0,1,1,1,5
2,86,1,1,1,0,0,4,0,0,1,1,0,5
1,54,2,1,1,1,1,6,0,1,1,1,1,5
1,25,4,0,0,0,0,4,0,0,1,1,0,3
1,36,1,1,1,0,0,4,1,1,1,1,1,5
1,52,2,1,1,0,0,6,0,0,0,1,0,5
2,76,2,1,1,1,1,5,0,0,0,1,0,3
2,57,3,1,1,1,0,4,0,0,0,1,0,1
2,66,2,0,1,1,0,6,0,0,1,1,1,5
1,33,3,1,1,0,0,4,0,1,1,1,0,3
2,30,4,0,1,0,0,6,0,0,1,1,1,5
2,52,1,1,1,1,1,6,0,1,1,1,1,5
1,37,1,0,1,1,0,6,0,1,1,1,1,5
1,75,3,1,1,1,0,6,0,0,1,1,0,5
1,41,4,0,0,1,0,4,0,0,1,1,1,5
2,34,1,1,1,1,0,4,0,0,1,1,1,1
2,67,4,1,1,0,0,6,0,0,1,1,1,5
2,29,1,0,0,0,0,5,0,0,0,1,0,3
1,85,2,1,1,1,1,4,0,0,0,1,1,5
1,48,1,0,1,1,1,5,0,0,1,1,0,5
2,60,3,0,0,0,0,6,0,0,0,0,0,3
2,38,2,0,0,0,0,4,0,0,0,1,1,1
2,51,4,1,1,0,0,5,1,1,1,1,1,5
2,22,2,1,0,0,0,5,0,0,1,1,1,5
2,67,3,1,1,0,0,5,0,0,0,1,0,5
2,20,4,1,1,1,0,5,0,0,1,1,1,5
1,48,4,1,1,1,0,6,0,1,1,1,1,3
1,25,3,1,1,1,1,6,1,1,1,1,1,5
1,27,1,1,1,1,0,6,0,1,1,1,1,5
1,60,4,1,0,0,0,6,0,0,0,1,1,1
2,86,1,1,1,0,0,4,0,0,1,1,0,5
2,59,2,1,0,0,0,4,0,0,1,1,1,1
2,64,3,1,1,0,0,6,0,0,1,1,0,1
1,36,4,1,1,1,1,6,1,1,1,1,1,1
1,69,1,1,1,0,0,6,1,1,1,1,1,3
2,18,2,1,1,0,0,6,0,0,1,1,1,3
1,29,3,1,1,0,0,5,0,0,1,1,1,1
2,80,4,1,1,1,1,5,0,0,1,1,1,3
1,80,3,0,0,0,0,4,0,0,1,1,0,3
2,69,4,1,1,0,0,4,0,0,1,1,1,1
2,75,1,1,0,0,0,4,0,0,1,1,1,3
2,53,2,1,1,1,0,6,0,0,0,1,1,5
1,42,3,0,0,0,0,6,0,0,1,1,1,5
2,60,4,1,0,0,0,4,1,1,1,1,1,3
1,79,1,1,1,0,0,4,0,0,0,1,0,3
2,55,2,1,1,0,0,6,0,1,1,1,1,1
2,54,3,1,1,1,1,5,1,0,1,1,1,5
1,76,3,0,1,0,0,5,0,1,1,1,1,5
2,75,4,0,1,0,0,4,0,0,1,1,0,5
2,67,1,0,1,0,0,3,0,0,0,1,1,1
2,50,2,1,1,1,1,5,0,0,1,1,1,5
2,38,4,0,0,0,0,5,0,0,1,1,1,1
2,54,3,0,1,0,0,4,0,1,1,1,1,5
1,56,4,0,1,0,0,4,0,1,1,1,1,5
1,30,3,1,1,1,1,6,0,1,1,1,1,5
2,70,1,0,1,0,0,3,1,0,1,1,1,5
2,55,4,1,1,1,0,5,0,0,1,1,0,5
2,32,2,0,0,0,0,5,0,0,1,1,1,1
2,34,1,1,1,0,0,4,0,0,1,1,0,5
1,78,3,1,1,0,0,2,0,1,1,1,1,5
1,32,2,0,0,0,0,4,0,0,1,1,1,5
1,31,3,1,1,0,0,4,0,0,1,1,1,5
2,51,4,1,1,1,1,5,0,0,1,1,1,1
2,75,4,1,1,0,0,3,0,0,0,0,0,3
2,35,1,1,0,0,0,6,0,0,1,1,1,5
2,26,2,1,1,1,1,6,0,1,1,1,1,5
2,27,2,0,0,0,0,3,0,0,0,1,0,3
1,32,3,1,1,1,0,4,0,1,0,1,0,5
1,33,4,1,1,1,0,4,0,0,1,1,1,3
1,26,1,1,1,1,0,4,0,1,1,1,1,5
1,19,4,1,1,1,1,4,0,0,0,1,1,5
2,18,4,1,1,1,1,4,0,0,1,1,1,5
1,77,3,1,1,0,0,6,0,0,1,1,0,5
2,24,2,0,0,0,0,6,0,1,1,0,1,3
2,36,2,1,1,1,1,6,0,1,1,1,1,3
1,27,4,0,0,0,1,6,0,1,1,1,1,3
2,35,3,1,0,1,1,4,0,0,1,1,1,3
2,71,4,0,0,0,0,6,0,0,0,1,0,3
1,47,2,1,1,1,1,6,0,0,0,0,0,3
1,35,4,1,1,1,1,6,0,1,1,1,1,5
2,83,3,0,0,0,0,4,0,0,0,0,0,3
1,85,1,1,1,0,1,6,0,1,1,1,1,3
1,69,3,0,1,0,1,5,0,0,0,1,0,3
2,50,2,0,0,0,1,6,0,0,0,1,0,3
2,52,2,1,1,0,1,6,0,0,1,1,1,3
2,54,1,0,0,0,0,4,0,1,1,1,1,3
1,76,4,0,0,1,1,6,0,1,1,1,1,3
2,67,1,1,1,0,0,6,0,0,1,1,1,3
1,58,3,0,1,1,1,6,0,1,1,1,0,3
2,27,1,0,1,1,1,6,0,0,1,1,0,5
1,62,2,1,1,1,1,6,1,1,1,1,1,5
1,43,1,1,1,1,1,6,1,1,1,1,1,3
2,24,3,1,1,0,1,4,0,0,1,1,0,3
2,77,2,1,1,1,1,6,0,1,1,0,1,3
1,58,3,0,1,1,0,5,0,1,1,1,1,1
1,21,1,0,0,1,1,4,0,0,1,1,1,5
1,67,4,0,1,0,1,6,0,1,1,1,1,1
2,56,2,0,0,0,0,5,0,1,0,0,0,3
2,68,3,0,1,0,0,5,0,1,1,0,1,1
2,46,1,0,0,1,1,5,0,0,0,1,1,1
2,50,2,1,1,1,1,6,0,1,1,1,1,2
2,20,4,0,0,1,1,4,0,1,1,1,1,5
2,63,4,1,0,0,0,5,0,0,0,0,0,4
1,56,1,1,1,1,1,6,1,1,1,1,1,5
1,41,2,1,0,1,0,6,0,1,1,1,1,1
2,34,3,0,0,0,0,4,0,1,0,0,0,5
1,26,2,1,1,1,1,4,0,0,1,1,1,1
2,80,4,0,1,0,0,6,1,0,0,0,0,3
1,75,4,1,1,1,1,6,0,0,0,0,0,5
2,76,4,0,1,1,1,6,0,0,0,0,1,3
2,44,2,1,1,1,1,6,1,1,1,1,1,3
1,76,1,1,1,1,1,7,0,0,1,0,1,5
1,60,3,1,1,1,1,6,1,1,1,1,1,5
1,59,3,1,1,1,1,6,1,1,1,1,1,5
2,85,1,1,1,1,1,6,0,1,1,1,1,4
2,29,2,0,0,1,0,6,1,1,1,1,1,5
2,40,3,1,1,1,1,6,0,0,1,1,1,5
1,35,1,1,1,1,1,6,1,1,1,1,1,5
1,22,4,1,0,1,1,6,0,1,1,1,1,5
1,72,4,0,1,1,1,4,0,1,1,1,1,5
2,66,1,1,1,1,1,6,1,0,1,1,1,1
1,21,2,0,0,0,0,4,0,0,0,1,1,1
1,65,1,1,1,1,1,6,0,0,1,1,1,5
2,82,1,1,1,1,1,7,0,0,1,0,0,5
1,34,2,1,1,1,1,6,1,0,0,1,1,5
2,72,4,0,1,0,1,6,1,1,1,1,1,3
2,68,2,1,1,1,1,6,1,1,1,1,1,5
2,82,1,1,0,1,0,6,0,0,1,0,0,5
2,51,2,1,0,0,1,6,0,0,1,1,1,5
2,57,4,1,1,1,1,6,1,1,1,1,1,5
2,24,2,1,0,0,1,6,0,1,1,1,1,5
2,48,3,1,1,1,1,6,0,1,1,1,1,5
2,68,3,1,1,1,1,6,0,1,1,1,1,4
1,20,3,0,0,1,1,4,0,1,1,1,1,5
2,78,4,0,0,0,0,6,0,0,1,1,1,5
2,86,1,0,1,1,1,5,0,0,0,0,0,5
1,28,4,1,1,0,1,5,0,0,1,0,0,5
2,64,2,0,1,0,1,7,0,1,1,1,1,5
1,25,4,1,0,1,1,4,0,0,1,1,1,2
2,68,3,0,1,1,1,6,0,0,1,0,0,5
2,40,1,0,0,0,0,6,0,0,1,0,1,5
2,28,2,0,1,1,1,6,0,1,1,1,1,1
1,79,1,1,0,1,1,6,0,1,1,1,1,1
1,19,3,0,0,1,1,4,0,1,1,1,1,5
2,53,1,0,0,0,0,4,0,1,1,1,1,2
1,64,3,0,1,1,1,6,0,0,1,0,1,5
1,60,3,1,1,1,1,6,0,0,1,1,1,1
2,22,1,0,1,0,0,6,0,1,1,1,1,5
1,46,4,0,1,0,1,6,0,1,1,1,1,1
2,37,2,1,0,1,1,7,0,0,1,1,1,5
2,64,2,1,1,1,1,6,1,1,1,1,1,5
2,47,3,0,0,0,0,4,0,0,1,1,1,5
2,49,2,1,0,1,1,5,0,0,1,0,1,4
2,78,4,0,1,1,1,6,0,0,0,0,0,5
1,30,4,1,0,0,0,4,0,0,1,1,1,5
2,28,1,0,1,1,1,6,0,0,1,1,1,5
2,48,2,1,1,1,1,6,0,0,1,0,0,5
2,58,1,1,0,0,1,6,0,1,1,1,1,5
2,57,1,1,0,0,1,6,1,1,1,1,1,1
2,60,1,1,1,1,1,7,0,0,1,1,1,3
1,79,3,0,0,0,0,6,0,0,1,1,1,5
2,78,2,0,0,1,0,7,1,0,1,1,0,3
2,44,3,1,1,1,1,6,0,1,1,1,1,5
1,56,4,0,1,1,1,6,0,0,1,1,0,5
1,44,2,1,1,1,1,6,1,1,1,1,1,5
2,65,2,1,1,1,1,6,0,1,1,1,1,5
2,39,4,1,0,0,1,6,1,1,1,1,1,3
1,78,1,0,0,1,1,6,0,1,1,1,1,5
2,42,4,1,1,1,1,6,1,1,1,1,1,5
2,38,4,1,0,0,1,6,0,0,1,1,1,1
1,60,1,1,1,1,1,6,1,0,1,1,1,4
2,45,3,1,1,1,1,6,1,1,1,1,1,4
2,23,2,0,0,1,1,5,0,0,1,1,0,1
2,56,3,1,0,0,0,6,1,0,1,1,1,4
1,20,2,1,1,1,0,4,1,0,1,1,1,5
2,23,4,1,1,1,1,6,1,1,1,1,1,5
2,71,3,0,1,0,0,4,0,0,1,0,0,1
2,75,2,0,0,1,1,6,0,0,1,1,0,3
2,62,4,1,1,1,1,6,0,0,1,1,0,5
1,41,1,1,1,1,1,6,1,0,1,1,1,1
2,72,1,1,1,1,1,6,1,0,1,1,1,5
2,60,3,1,1,1,1,4,0,1,1,0,0,5
2,81,4,1,1,1,1,6,1,0,1,1,1,5
2,57,3,0,0,0,0,6,0,0,1,0,1,2
1,56,2,1,1,1,1,6,0,0,1,0,0,3
2,65,1,1,1,1,0,7,1,1,1,1,1,5
1,72,4,0,1,1,0,5,0,0,1,0,0,5
2,47,1,1,1,0,1,6,0,1,1,1,1,3
2,81,2,0,0,0,0,7,1,1,1,1,1,3
2,43,1,1,1,0,1,6,1,1,1,1,1,5
2,35,4,0,0,0,0,5,0,0,1,0,0,5
2,28,1,0,0,0,0,6,0,0,1,1,1,5
2,32,3,0,0,1,1,6,0,0,1,1,1,1
2,31,3,1,1,0,1,6,0,1,1,1,1,5
1,31,2,1,1,0,0,6,1,1,1,1,0,1
1,21,3,1,0,0,0,4,0,0,1,1,1,5
2,25,1,1,1,1,1,6,1,0,1,1,1,3
2,29,3,1,0,1,1,6,1,0,1,1,0,5
1,40,4,0,1,1,1,4,0,1,1,1,1,5
2,73,4,0,0,0,1,6,1,0,1,0,1,5
2,32,1,0,0,0,1,6,1,0,1,1,1,1
2,21,2,0,0,0,0,4,1,1,1,1,1,4
2,36,2,1,0,0,1,6,1,1,1,1,1,5
2,80,1,0,0,0,0,4,0,0,1,1,1,5
2,25,2,0,0,0,0,6,1,1,1,1,1,1
1,48,4,0,1,1,1,6,0,1,1,1,1,5
2,46,3,1,1,0,1,7,0,0,1,0,1,3
2,76,4,0,0,0,0,4,0,0,1,0,0,2
2,33,3,0,0,0,0,6,0,1,1,1,1,3
1,42,4,1,1,0,1,6,0,1,1,1,1,2
1,40,3,1,1,1,1,6,0,0,1,1,1,5
1,28,3,0,0,0,0,6,0,1,1,1,1,3
2,30,3,0,0,1,0,6,0,1,1,1,1,5
2,27,4,1,1,1,1,6,0,0,1,1,1,3
2,33,4,1,1,1,1,6,0,1,1,1,1,5
2,66,2,1,1,1,1,6,0,0,1,1,1,3
2,42,1,1,1,1,1,6,0,1,1,1,1,5
2,72,1,0,0,0,0,6,0,0,0,0,0,1
2,33,4,0,0,0,1,6,0,0,1,1,1,5
2,67,2,0,0,0,0,5,1,1,1,1,1,5
2,59,4,1,0,0,0,5,0,1,1,1,1,5
1,45,1,0,0,0,0,5,0,1,1,1,1,5
2,26,2,0,0,0,1,6,1,1,1,1,1,1
2,23,3,0,0,0,0,6,0,0,1,1,1,5
2,62,1,1,1,1,1,6,0,1,1,1,1,5
2,58,2,1,1,0,0,6,0,1,1,1,1,5
2,53,3,0,0,0,0,6,0,0,1,1,0,5
2,29,3,0,0,0,0,5,0,0,0,1,1,3
2,60,1,1,1,1,0,6,1,1,1,1,1,3
2,59,4,1,1,1,0,4,0,0,1,0,0,5
1,67,1,1,1,1,1,6,1,0,1,0,0,5
2,67,3,1,1,1,0,6,1,0,1,1,1,5
2,39,2,1,0,0,0,6,0,0,0,1,1,1
2,81,4,0,0,0,0,6,0,0,1,1,1,5
2,64,2,0,0,0,0,4,0,0,1,1,1,4
2,57,2,1,0,0,1,6,0,0,1,1,1,5
2,24,3,0,1,1,1,6,1,1,1,1,1,5
2,44,4,0,1,1,1,6,0,0,1,1,1,2
2,48,1,0,0,1,1,5,1,1,1,1,1,1
1,33,3,0,1,1,1,6,0,1,1,1,1,3
2,33,1,0,0,0,0,5,0,0,1,1,1,5
2,27,1,0,1,0,0,6,1,0,0,1,1,3
1,29,4,1,0,1,1,6,1,1,1,1,1,5
2,78,4,0,0,0,0,5,0,0,1,1,1,5
2,22,2,1,1,1,1,6,0,1,1,1,1,5
1,23,1,1,0,1,1,6,0,0,1,1,1,5
1,53,4,0,0,1,0,7,0,0,1,1,1,5
1,72,3,1,1,1,1,6,1,1,1,1,1,5
2,58,2,0,0,1,1,5,0,0,1,1,1,4
2,58,3,1,1,1,1,6,0,1,1,1,1,5
2,29,2,1,1,1,1,6,0,0,1,1,1,5
2,65,2,1,1,1,1,6,0,0,1,1,1,4
2,51,3,0,0,1,0,5,0,0,1,1,0,3
2,26,2,0,1,0,0,5,0,1,1,1,1,3
1,28,4,0,1,1,0,5,0,1,1,1,1,5
2,78,1,1,0,0,0,5,0,0,1,1,0,5
1,30,1,1,1,1,1,6,0,1,1,1,1,5
2,66,4,1,1,1,1,6,0,0,1,0,0,5
2,77,2,1,1,0,0,5,0,0,1,1,0,3
2,81,2,1,1,1,0,5,0,0,0,0,0,5
2,53,3,0,0,0,0,6,1,1,1,1,1,3
1,20,1,0,1,1,1,4,1,1,1,1,1,5
2,32,4,1,1,0,1,6,0,1,1,1,1,5
2,81,1,0,1,1,0,6,0,0,0,0,0,3
2,28,3,0,0,0,0,4,0,1,1,1,1,5
2,24,3,0,1,0,1,5,0,1,1,1,1,5
2,70,3,1,0,0,0,5,0,0,1,1,0,5
1,54,2,0,0,0,0,4,0,0,0,1,1,3
1,75,2,0,1,1,1,5,0,0,1,1,0,5
2,73,3,1,0,1,1,6,0,0,0,0,0,5
2,59,4,0,1,1,1,5,0,0,1,1,1,5
1,30,3,1,0,1,0,6,0,0,1,1,1,5
2,35,1,0,1,0,1,6,0,0,1,1,1,3
2,61,4,0,0,0,0,4,0,0,1,0,0,5
2,31,1,0,0,0,0,6,0,1,1,1,1,5
2,20,2,0,0,0,0,4,1,0,1,1,1,5
2,30,4,1,1,1,0,5,0,1,1,1,0,5
2,34,1,1,1,0,0,4,0,0,1,1,1,5
2,28,1,1,0,0,0,6,1,1,1,1,1,3
2,79,3,1,0,0,0,3,0,0,1,1,1,5
2,53,1,1,0,0,1,6,0,0,0,0,0,1
2,22,2,0,0,0,0,6,0,0,1,1,1,1
2,80,2,0,0,0,0,6,0,0,0,0,0,5
2,53,4,0,0,0,0,5,0,0,1,0,0,2
2,44,3,0,0,0,0,6,0,0,1,1,1,1
1,53,4,0,0,0,0,6,1,1,1,1,1,1
2,54,2,0,0,1,1,5,0,0,0,0,0,2
2,39,1,0,0,1,1,5,0,0,0,1,0,1
2,36,3,0,0,0,0,5,1,1,1,1,1,3
2,54,4,0,0,1,0,6,0,0,0,0,0,1
2,29,1,0,0,0,0,5,0,0,1,1,1,5
1,19,2,0,0,0,0,3,0,0,1,1,1,1
2,73,4,0,0,0,0,5,0,0,1,1,0,5
2,85,3,0,0,0,0,5,0,0,1,0,0,3
2,20,3,1,1,0,0,1,0,0,0,1,1,5
2,29,3,0,0,0,0,6,1,0,1,1,1,5
1,58,4,0,1,0,1,6,1,1,1,1,1,4
2,63,1,1,1,1,0,6,0,0,1,1,0,4
2,48,1,1,0,0,0,6,0,0,1,1,1,5
2,80,1,0,1,1,0,6,0,0,1,1,1,3
2,54,2,1,1,1,1,6,0,0,1,1,1,2
2,74,2,0,1,1,1,7,1,0,1,1,0,5
2,56,2,1,0,0,0,5,0,0,0,1,1,1
1,54,3,1,1,0,0,4,0,0,1,1,1,1
2,63,1,1,1,0,1,6,0,0,1,1,1,3
2,24,4,1,0,0,0,5,0,1,1,1,1,5
2,68,3,0,1,0,1,6,0,0,1,1,1,1
2,26,4,0,0,0,1,5,1,1,1,1,1,5
1,28,3,0,1,1,1,6,1,1,1,1,1,5
2,51,4,0,0,0,0,5,0,0,1,1,1,1
2,38,1,1,0,0,0,6,0,1,1,1,1,2
2,53,4,1,0,0,0,5,0,0,1,1,1,5
2,71,4,0,0,0,0,6,0,1,1,1,1,5
1,56,1,1,1,0,1,6,0,0,1,1,1,1
2,28,4,1,1,1,1,6,1,1,1,1,1,5
2,36,3,0,0,0,1,6,1,1,1,1,1,5
1,19,3,1,0,0,0,4,0,1,1,1,1,5
2,19,1,0,0,0,0,4,1,1,1,1,1,5
2,60,2,1,0,1,1,4,0,0,1,1,0,3
1,40,4,1,0,1,1,6,0,0,1,1,1,5
1,49,4,0,0,0,0,4,0,1,1,1,1,1
2,67,2,1,1,0,1,5,0,0,1,1,1,5
2,55,4,0,0,0,0,5,0,1,1,1,1,3
1,56,3,0,0,0,0,6,0,1,1,1,1,1
2,34,1,0,0,0,0,5,1,1,1,0,1,5
2,28,1,1,0,0,1,6,0,1,1,1,1,5
1,51,2,0,0,0,0,4,0,0,0,0,0,1
1,39,1,0,0,0,0,4,0,1,1,1,1,5
2,67,1,1,0,1,0,4,0,0,1,1,1,5
2,62,2,0,0,0,0,5,0,0,0,0,0,5
1,68,4,0,1,1,1,6,0,1,1,1,1,5
2,27,3,0,0,0,0,6,0,0,1,1,1,3
2,26,1,0,0,0,0,6,0,1,1,1,1,1
2,47,2,1,1,1,1,6,1,0,1,1,1,5
2,76,3,0,0,0,0,4,0,0,0,0,1,5
1,77,2,1,1,0,1,6,0,0,1,1,1,5
2,31,3,0,0,0,0,4,0,0,0,1,0,5
1,34,3,1,1,1,1,6,1,1,1,1,1,5
1,50,1,1,1,1,1,6,1,1,1,1,1,5
2,59,3,0,1,0,0,4,0,0,0,0,1,1
2,36,2,0,0,0,0,4,0,0,1,1,1,5
2,46,4,0,0,0,0,5,0,0,1,1,1,5
1,39,4,0,1,1,0,4,0,1,1,1,0,5
1,38,2,0,0,1,0,6,0,0,1,0,0,3
2,34,4,1,0,0,1,4,0,0,0,1,0,2
1,57,4,0,0,0,0,4,0,1,1,1,1,5
2,35,1,0,0,0,0,5,0,0,0,0,0,3
1,79,2,0,0,0,0,4,0,0,1,1,0,5
2,35,2,0,0,0,0,6,1,1,1,1,1,4
2,81,3,0,0,0,0,2,1,0,0,1,0,3
2,76,4,1,1,0,0,5,0,0,0,1,1,5
2,62,4,1,0,0,0,5,0,0,0,1,0,3
1,30,3,1,0,0,0,4,1,1,1,1,1,5
2,33,1,1,1,1,0,6,0,0,1,1,1,3
2,40,1,0,0,0,0,5,0,0,1,1,0,3
1,30,1,0,0,0,0,4,0,0,1,1,1,3
1,37,1,0,0,0,1,4,0,0,1,1,1,5
2,42,3,0,0,0,0,6,0,1,1,1,1,3
1,38,2,0,0,0,0,4,0,0,0,1,0,3
2,28,3,0,0,0,0,6,0,1,1,1,1,5
2,28,1,0,0,0,1,5,0,0,0,1,0,3
2,24,4,0,0,0,0,5,0,0,1,1,0,5
2,23,2,1,0,0,1,6,0,0,1,1,1,4
2,70,3,1,0,0,0,3,0,0,1,1,1,3
2,52,4,0,0,0,0,4,0,0,1,1,0,3
2,59,1,1,0,0,1,4,0,0,1,1,0,5
2,36,2,0,0,0,0,5,0,0,1,1,0,3
1,50,3,1,0,0,0,6,1,1,1,1,1,5
2,94,2,0,0,0,0,5,0,0,1,1,1,3
2,32,4,1,0,1,1,6,0,1,0,1,0,3
2,39,1,1,1,1,0,6,0,1,1,1,1,5
1,28,4,0,0,0,0,6,0,1,1,1,1,5
2,25,4,0,1,0,1,5,0,1,1,1,1,5
2,49,2,1,1,1,1,6,0,0,1,1,1,5
2,63,1,1,1,0,1,6,0,0,1,1,1,5
1,19,1,0,0,0,0,3,0,0,1,1,1,3
2,61,2,0,0,1,1,6,0,0,1,1,1,5
2,52,3,1,1,1,1,4,0,0,1,1,1,5
2,67,1,0,0,0,0,5,0,1,1,1,1,5
2,34,3,1,0,0,0,6,1,1,1,1,1,5
1,42,2,0,1,1,1,6,0,1,1,1,1,5
2,75,4,0,0,0,0,1,0,0,1,1,1,3
2,39,3,0,0,0,0,5,1,1,1,1,1,5
2,65,2,0,0,1,0,6,0,0,1,1,1,5
2,30,4,0,0,0,0,4,0,0,0,1,0,5
2,57,2,0,0,0,0,4,0,0,1,1,1,
2,37,1,0,0,0,0,4,0,1,1,1,1,5
2,44,1,0,0,0,0,4,0,0,0,1,0,5
2,53,3,0,0,0,0,6,0,0,1,1,1,5
2,58,1,1,1,0,1,6,0,0,1,1,1,2
1,63,4,1,1,1,1,4,0,1,1,1,1,1
2,24,2,0,0,1,0,6,0,0,1,1,1,5
1,64,2,1,0,1,1,6,0,1,1,1,1,3
1,49,4,0,0,1,1,5,0,1,1,1,1,5
2,67,1,1,0,1,1,6,0,1,1,1,0,5
2,30,3,0,0,0,0,4,0,0,1,1,1,5
2,20,3,0,0,0,0,4,0,1,1,1,1,3
2,54,4,0,0,0,0,5,0,0,1,1,0,5
2,31,2,0,0,0,0,6,0,1,1,1,1,3
1,50,3,1,1,0,0,6,0,1,1,1,1,5
1,20,3,0,0,0,0,5,0,0,1,1,1,4
1,23,3,0,0,0,0,4,0,0,1,1,1,1
1,19,4,0,0,0,0,4,0,0,1,1,1,3
2,49,2,0,0,0,0,5,0,0,0,1,1,4
2,31,1,1,1,1,1,6,0,0,1,1,1,5
2,23,2,0,0,0,0,2,0,0,1,1,1,3
1,70,1,0,1,1,1,6,0,0,1,1,0,5
1,35,2,0,0,0,0,4,0,0,1,1,1,3
2,23,1,1,0,0,1,6,1,1,1,1,1,5
2,53,3,1,1,1,0,6,0,0,1,1,0,3
1,60,3,1,1,1,0,6,0,0,0,1,1,5
2,31,3,0,0,0,0,3,0,0,1,1,0,5
2,51,2,1,0,0,1,6,0,1,0,1,1,4
2,49,1,0,0,0,0,5,0,1,1,1,1,5
2,63,4,0,1,1,1,6,0,0,1,1,1,5
2,21,4,1,0,0,0,4,0,1,1,1,1,5
2,32,4,0,0,0,0,6,0,1,1,1,1,3
2,30,1,0,0,0,1,5,0,1,1,1,1,5
2,27,4,0,0,0,0,6,0,1,1,1,1,1
2,95,3,1,0,1,1,2,0,0,0,0,0,5
2,31,2,1,1,1,1,3,0,0,1,1,1,5
2,25,2,1,0,0,0,5,0,1,1,1,1,2
2,25,1,0,0,1,1,4,0,0,1,1,1,3
2,54,4,1,1,1,1,5,0,0,1,1,0,5
2,35,4,1,1,1,1,6,0,0,1,1,0,5
2,88,3,0,0,0,0,3,0,0,1,1,1,5
2,48,2,0,1,0,0,5,0,0,1,1,1,3
2,65,3,1,1,1,1,7,0,0,1,1,1,2
2,33,3,0,0,1,1,6,0,0,1,1,1,5
1,39,4,0,0,1,1,6,0,0,1,1,1,2
2,58,2,1,1,1,1,5,0,1,1,1,1,5
1,61,3,0,0,1,0,6,0,0,1,1,1,5
2,56,1,0,1,1,1,6,0,0,0,1,1,1
2,42,1,0,0,0,1,6,0,0,0,1,1,1
1,54,2,1,1,1,0,4,0,0,1,1,1,1
1,38,4,0,0,0,0,4,0,0,1,0,1,3
2,46,1,0,0,0,0,4,0,0,1,0,1,3
1,50,3,1,0,0,0,5,0,0,1,1,1,2
2,60,3,0,0,0,0,4,0,0,0,1,0,4
2,47,2,0,0,0,0,5,0,0,1,1,1,4
2,22,4,0,0,0,0,6,0,0,1,1,1,2
2,29,4,0,0,0,0,4,0,1,1,1,1,5
2,27,3,0,0,1,0,4,0,0,1,0,1,2
1,58,3,0,1,0,0,5,0,1,1,1,1,5
2,36,2,0,0,0,0,4,0,0,0,1,1,5
2,34,2,1,1,0,1,6,0,0,1,0,1,2
2,60,1,0,0,0,0,5,0,0,0,1,0,3
1,27,2,0,0,1,1,6,0,0,1,0,1,5
1,57,1,0,0,1,1,4,0,0,1,1,0,5
1,66,1,1,1,1,1,6,0,1,1,0,1,1
2,53,2,1,1,0,1,6,0,1,1,1,1,5
2,31,1,1,1,0,0,6,1,1,1,1,1,1
1,69,4,0,0,1,1,6,0,1,1,1,0,5
1,63,4,1,0,1,0,6,1,1,1,0,1,5
2,58,3,0,0,1,0,5,0,0,0,0,0,5
2,45,2,1,0,1,0,4,0,0,1,1,0,5
1,54,4,1,1,0,1,6,0,0,1,0,1,5
2,30,4,0,0,0,0,6,1,0,1,1,1,5
2,41,3,1,1,1,1,6,0,1,1,1,1,5
2,38,1,0,0,0,0,5,0,0,1,1,1,2
1,23,3,0,0,0,0,4,0,0,1,1,1,5
1,85,3,0,1,0,0,3,0,0,1,1,0,3
1,26,4,1,1,1,1,6,0,0,1,1,1,5
2,31,4,1,0,1,0,6,0,1,1,1,1,1
2,28,4,0,0,0,0,6,0,1,1,1,1,4
1,64,1,0,1,1,1,6,0,0,1,1,1,5
1,47,2,0,0,0,0,4,0,0,0,1,0,3
2,23,3,0,0,0,0,5,0,0,1,1,1,2
1,33,2,1,0,0,1,4,0,0,1,1,1,1
2,60,1,0,1,0,0,5,0,0,1,1,0,5
2,88,2,0,0,0,0,4,0,0,1,0,1,3
1,23,3,1,0,0,0,3,0,0,1,1,1,3
2,62,4,0,0,0,0,4,0,0,0,0,1,4
2,25,2,0,0,0,0,6,0,1,1,1,1,2
2,68,1,0,0,0,1,4,0,0,1,1,0,3
1,36,1,1,1,1,1,6,0,0,1,1,1,4
2,33,3,1,1,1,0,6,1,1,1,1,1,1
2,26,3,0,0,1,0,4,0,0,0,1,0,5
2,73,2,0,1,1,0,6,0,0,0,1,1,3
2,22,1,1,1,1,1,6,0,0,0,1,1,5
2,77,4,0,0,0,0,4,0,0,1,1,1,1
2,35,2,0,1,0,0,6,0,1,1,1,1,5
2,23,2,0,0,0,0,5,1,0,1,1,1,4
2,51,4,1,1,1,1,6,1,1,1,1,1,5
2,43,1,1,0,0,1,6,0,1,1,1,1,5
2,25,3,0,0,0,0,6,0,1,1,1,1,5
2,40,1,0,1,1,1,6,0,1,1,1,1,5
2,45,3,0,0,0,1,6,0,0,1,1,1,4
2,19,2,0,0,0,1,4,0,0,1,1,1,3
2,41,1,0,1,0,0,5,0,1,1,1,1,5
2,79,3,0,0,1,1,6,0,0,1,0,0,3
2,32,2,0,0,0,0,6,0,0,0,1,1,5
2,30,1,1,1,1,1,6,0,0,1,1,1,2
1,18,4,0,0,0,0,3,0,0,1,1,1,
1,29,3,1,1,1,1,6,0,0,1,1,1,1
1,31,3,1,1,0,1,6,0,0,0,1,0,5
2,33,4,1,1,1,1,5,0,0,1,1,1,5
2,30,1,0,0,0,0,6,0,0,1,1,1,2
1,40,3,0,0,0,1,4,0,1,0,1,0,5
2,25,4,1,0,0,1,6,0,1,1,1,1,5
1,60,2,1,0,0,1,5,0,0,1,0,1,5
2,22,4,0,0,0,0,4,0,0,1,1,1,4
2,26,3,1,0,0,0,6,0,1,1,1,1,2
1,48,2,1,0,0,1,5,0,0,1,0,0,3
2,72,2,1,1,1,0,4,0,0,1,0,1,5
2,34,3,1,0,1,0,6,0,1,1,1,1,5
2,54,1,0,0,0,1,6,0,1,1,1,1,5
2,65,4,1,1,1,1,6,0,0,0,0,0,5
2,58,1,0,0,1,0,6,1,0,1,1,1,1
1,75,4,0,1,1,1,5,0,0,1,1,0,1
2,69,1,0,0,0,0,6,0,0,1,1,0,3
1,89,3,0,0,0,0,6,0,0,1,1,0,5
2,78,4,0,1,0,1,6,0,1,1,1,1,5
1,18,2,0,0,0,0,4,0,0,1,1,1,5
2,21,1,1,1,0,1,4,0,0,1,0,1,3
1,19,3,0,0,0,0,4,0,0,1,1,1,3
2,28,2,0,0,0,0,5,0,0,0,0,0,1
2,46,1,0,0,0,0,5,0,0,0,0,0,5
2,34,3,0,0,0,0,6,0,0,1,1,0,3
2,18,4,1,0,1,0,4,0,1,1,1,1,5
2,41,4,1,1,0,1,6,1,1,1,1,1,
2,62,3,0,0,0,0,5,0,0,1,0,1,5
2,18,1,0,0,0,0,3,0,0,0,1,0,1
1,53,2,0,1,0,1,6,0,1,1,0,1,5
2,78,2,0,0,0,1,5,0,1,1,1,1,2
2,35,1,1,1,0,0,6,0,1,1,1,1,5
1,33,4,1,1,1,1,6,0,1,1,1,1,5
2,35,3,0,0,0,0,4,0,0,1,0,1,5
1,20,1,0,1,1,1,4,1,1,1,1,1,5
2,19,4,0,1,1,1,4,1,0,1,1,1,5
2,79,2,0,0,1,0,4,0,0,1,0,0,1
2,49,2,1,1,1,1,6,0,1,1,1,1,5
2,38,1,0,1,0,0,6,1,1,1,1,1,5
1,39,2,0,0,1,0,6,1,1,1,1,1,5
2,52,3,1,1,0,0,6,0,1,1,1,1,5
2,64,4,0,1,1,1,5,0,0,1,1,1,5
2,31,4,0,0,1,1,5,0,0,1,1,1,1
1,39,3,1,1,0,1,4,1,1,1,1,1,5
2,39,1,0,0,0,0,5,0,0,1,0,0,4
2,39,3,0,1,0,0,5,1,1,1,1,1,5
2,36,2,0,0,1,0,6,0,1,1,1,1,3
1,40,4,0,0,0,0,4,0,0,1,1,1,2
1,29,3,0,1,1,0,4,0,0,0,1,0,1
2,20,1,0,0,0,0,5,0,1,1,1,1,5
1,34,2,1,1,1,1,6,0,1,1,1,1,5
2,40,4,0,0,0,1,6,0,1,1,1,1,1
2,65,2,1,1,0,0,6,0,0,1,1,1,5
1,64,2,0,1,0,1,6,0,0,1,1,0,1
2,53,4,1,1,1,0,5,0,0,1,1,1,1
2,80,1,0,0,0,0,2,0,0,0,0,0,2
2,25,2,0,0,0,0,4,0,0,1,1,1,5
2,39,3,1,0,1,1,4,0,0,1,1,1,5
2,30,2,0,0,0,0,6,0,1,1,1,0,5
2,18,4,0,0,0,0,4,0,0,0,1,0,5
2,66,3,0,0,0,0,3,0,0,0,1,0,5
2,70,4,0,0,0,0,6,0,0,1,1,1,3
2,71,3,0,1,0,0,5,0,0,1,1,1,3
2,27,1,0,1,0,0,5,0,0,1,1,1,5
2,41,1,0,1,1,1,6,0,1,1,1,0,2
2,76,1,0,0,0,0,4,0,0,0,0,0,5
1,55,3,0,1,0,0,5,0,0,1,1,0,1
1,32,1,0,0,0,0,6,0,0,1,1,0,1
1,22,3,0,1,0,0,6,0,1,1,1,1,1
2,40,4,0,1,0,0,6,0,0,0,1,0,5
2,24,4,1,1,1,1,6,0,0,1,1,1,5
2,78,1,0,0,1,0,6,0,0,0,1,0,1
1,62,4,1,1,1,1,6,1,1,1,1,1,5
2,50,2,1,1,0,0,6,1,1,1,1,1,1
2,68,1,1,0,0,1,4,0,0,0,1,0,5
1,35,3,1,0,1,1,6,0,1,0,1,1,5
2,51,2,1,1,0,1,5,0,1,1,1,0,5
1,50,3,1,1,1,1,6,0,0,1,1,1,5
2,39,4,0,1,0,0,6,1,1,1,1,1,5
2,60,3,0,0,0,0,4,0,1,1,0,1,5
2,21,2,1,1,1,1,6,1,0,1,1,1,2
2,62,3,1,1,1,1,5,1,0,1,0,1,5
1,38,2,1,1,1,1,6,0,1,1,1,1,5
1,25,3,1,0,0,1,6,0,0,0,0,1,5
2,77,1,1,1,1,0,7,1,0,0,0,0,5
1,31,4,1,1,1,0,6,0,1,1,1,1,5
2,76,4,1,0,0,0,6,0,0,0,0,0,5
2,85,4,0,0,0,0,6,0,0,0,0,0,1
1,41,1,1,1,1,1,6,0,1,1,1,1,5
2,47,2,0,1,0,1,6,0,1,1,1,1,5
2,47,4,1,1,1,1,6,0,1,1,1,1,5
1,36,3,0,0,0,0,5,0,0,0,0,0,5
2,29,1,1,0,0,0,5,1,1,1,0,1,5
2,63,1,0,0,0,0,5,0,0,0,0,0,1
1,45,1,1,1,0,1,6,0,0,1,1,1,5
2,48,2,1,0,1,1,6,1,0,1,1,1,5
2,34,2,1,1,1,1,6,0,0,1,0,1,5
2,18,4,1,0,1,1,4,0,0,1,1,1,5
2,86,2,1,0,1,1,6,0,0,0,0,0,1
2,32,3,1,1,1,1,6,0,1,1,1,1,5
2,70,4,1,1,1,0,6,0,0,1,0,0,5
2,55,3,1,1,1,1,6,1,0,1,1,1,5
2,45,3,0,1,1,1,5,1,1,1,1,1,5
2,60,2,1,1,1,0,6,0,1,1,0,1,5
2,62,2,1,0,0,0,6,0,0,1,0,0,3
2,57,2,0,0,0,0,5,0,0,0,0,0,3
2,54,3,0,1,1,0,6,1,0,1,0,0,5
1,53,4,1,0,1,1,6,0,1,1,0,1,2
2,80,3,0,0,0,0,6,0,0,1,0,0,1
1,20,2,1,1,1,0,6,1,0,1,1,1,1
2,62,2,0,0,0,0,6,0,0,0,0,0,1
1,54,1,1,1,1,1,6,1,0,1,0,1,5
2,38,3,1,1,1,1,6,0,1,1,1,1,5
2,64,2,1,0,0,0,6,0,0,0,0,0,5
2,48,1,1,0,0,0,5,0,0,0,0,1,5
1,55,3,1,1,1,1,5,0,0,0,0,0,5
1,53,1,1,0,0,1,6,0,1,1,1,1,3
2,37,1,1,0,0,1,6,0,0,1,1,1,1
1,58,1,1,1,1,1,6,1,1,1,1,1,5
2,42,3,1,0,0,0,5,0,0,0,0,0,5
2,35,4,0,0,0,0,5,0,0,0,0,1,1
2,18,4,1,1,1,1,4,0,0,1,1,1,4
1,34,4,0,0,0,0,5,0,0,0,1,1,5
2,32,3,0,0,0,0,4,0,0,0,0,1,5
1,60,4,1,1,1,1,6,0,1,0,0,1,5
2,62,3,0,1,1,1,6,1,1,1,1,1,5
1,34,3,1,0,1,1,6,1,1,1,1,1,3
1,48,2,0,1,0,1,7,0,0,0,1,1,1
1,64,3,1,1,1,1,6,0,0,1,1,1,5
2,53,2,1,1,1,1,6,1,1,1,1,1,5
2,32,4,1,1,1,1,6,0,1,1,1,1,3
2,22,3,1,1,1,1,6,1,1,1,1,1,5
2,48,4,1,1,1,1,6,0,1,0,1,1,5
2,67,4,1,0,1,1,6,0,1,1,1,1,5
1,85,3,0,0,1,1,6,0,1,1,1,0,5
1,23,1,1,0,1,0,5,1,1,1,1,1,3
1,64,2,1,1,1,1,5,0,1,1,1,1,4
2,30,2,1,1,1,1,6,1,1,1,1,0,4
2,42,1,1,0,1,1,4,0,0,1,1,0,5
2,35,4,1,0,0,1,6,0,0,1,1,1,3
1,74,1,0,1,0,1,6,1,1,1,1,1,5
1,23,1,1,1,1,0,4,1,0,1,1,1,5
2,71,2,1,0,0,1,6,1,0,1,1,1,3
2,59,3,1,0,0,0,6,1,0,1,1,1,5
1,41,1,1,1,1,1,5,0,1,1,1,1,2
2,32,2,1,1,1,1,6,1,1,1,1,1,5
1,60,2,1,1,1,0,4,0,0,1,1,1,5
2,63,4,1,0,1,1,4,1,1,1,1,1,5
2,21,2,1,1,1,1,4,0,0,1,1,1,5
2,76,4,1,1,1,1,6,0,0,1,1,0,2
1,50,2,1,1,1,1,6,0,0,1,1,1,5
2,80,1,1,0,1,1,4,0,0,1,1,0,5
2,60,2,1,0,0,1,5,1,1,1,1,1,5
1,67,3,1,1,1,1,6,1,0,1,1,1,5
2,45,1,1,0,0,1,6,1,1,1,1,1,4
1,36,4,1,1,1,1,6,0,0,1,1,1,5
1,68,3,1,1,1,1,6,1,1,1,1,1,2
1,42,1,1,1,0,1,6,1,1,1,1,1,3
1,60,3,1,1,1,1,5,0,1,1,1,0,3
1,52,3,1,1,1,1,5,0,0,1,1,1,5
1,31,3,1,1,1,1,5,0,0,1,1,1,5
2,19,2,1,1,1,1,4,1,1,1,1,1,5
2,79,4,1,1,1,1,6,1,0,1,1,1,3
2,75,1,1,0,0,1,6,0,0,1,1,1,5
2,63,2,1,1,0,1,6,1,0,1,1,0,5
2,69,1,1,1,1,1,6,0,0,1,1,0,5
1,34,4,1,1,1,1,6,1,1,1,1,1,5
2,58,1,1,1,1,1,6,1,1,1,1,1,2
2,64,2,1,0,1,1,5,1,1,1,1,1,5
2,76,1,1,1,1,1,6,0,0,1,1,1,5
2,60,4,1,0,0,1,5,1,0,1,1,1,2
2,80,4,0,0,0,1,6,0,0,1,1,0,5
2,64,4,0,0,0,0,6,1,0,1,1,1,5
1,37,3,1,1,1,1,6,0,0,1,1,1,5
1,18,3,1,0,0,1,4,1,0,1,1,1,5
2,47,3,1,1,1,1,6,1,1,1,1,1,1
1,29,3,0,1,0,0,4,0,0,0,1,1,3
2,19,2,0,0,0,0,3,0,0,0,1,0,3
2,40,2,0,0,0,0,6,0,0,1,1,1,1
2,28,4,0,0,0,0,6,0,1,1,1,1,3
2,52,3,0,0,1,1,6,0,0,0,1,1,1
1,66,1,1,1,1,1,5,0,0,1,0,1,3
2,30,1,0,0,0,0,6,0,1,1,1,1,5
2,58,1,0,0,1,1,6,0,0,1,1,0,1
2,86,4,0,0,0,0,6,0,0,0,0,0,3
1,31,2,1,0,1,1,6,0,0,1,1,1,3
2,26,4,0,0,1,0,3,0,0,1,0,0,3
1,45,3,0,0,0,1,6,0,1,1,1,1,1
1,43,4,0,0,0,0,5,0,1,1,1,1,3
2,31,1,0,0,1,0,4,0,1,1,1,1,3
1,77,2,0,0,1,0,4,0,0,1,1,0,3
2,58,3,0,0,0,0,5,0,0,1,1,0,5
1,54,1,1,0,0,0,4,0,1,1,1,1,5
1,36,2,1,1,1,0,6,0,1,1,1,1,1
1,23,3,1,0,1,1,6,0,0,0,0,0,5
2,22,4,0,0,0,0,6,0,0,1,1,1,3
2,76,4,0,0,0,0,4,1,0,1,1,1,3
2,61,1,1,0,0,0,6,0,1,1,1,0,5
1,75,4,1,1,1,1,6,1,1,1,1,1,5
1,25,2,1,1,1,1,4,0,0,0,1,1,3
2,75,3,0,0,0,0,6,0,0,0,0,0,4
2,32,2,1,1,1,1,6,0,0,1,1,1,5
2,66,1,0,0,0,0,6,0,0,0,0,0,5
2,41,1,1,1,1,1,6,0,1,1,1,0,3
2,76,3,0,0,0,0,5,0,0,0,0,0,3
2,28,4,0,0,1,1,6,0,0,1,1,1,1
2,69,1,0,0,0,1,5,0,1,1,1,1,5
2,66,1,0,1,0,0,5,0,0,0,0,0,5
2,24,2,0,0,0,0,6,0,0,1,1,1,5
2,66,2,1,1,1,1,6,1,1,1,1,1,5
2,62,2,0,1,0,0,6,0,0,1,1,0,3
2,20,3,0,0,0,0,5,0,0,1,1,0,5
1,53,4,1,1,0,1,6,0,0,1,1,1,5
2,26,4,0,0,0,0,4,1,1,1,1,0,2
2,48,4,1,1,1,1,4,1,1,1,1,1,5
1,37,2,1,1,0,0,5,0,0,1,1,1,3
2,21,2,0,0,0,0,4,0,0,0,0,0,5
2,36,1,0,0,1,1,6,0,1,1,1,1,5
2,53,1,1,0,1,1,6,0,0,0,1,1,5
1,43,2,1,1,1,1,6,0,0,1,1,1,5
2,56,4,1,0,1,1,6,0,0,1,1,1,1
2,48,2,1,1,0,1,4,0,1,1,1,0,5
2,64,1,0,0,0,0,4,0,0,0,1,1,1
2,45,3,0,0,0,0,6,1,1,1,1,1,5
1,56,3,1,1,1,1,4,1,0,1,1,1,1
1,35,2,0,0,0,0,6,1,1,1,1,1,1
1,70,3,0,1,0,1,6,1,1,1,1,1,1
1,61,4,1,1,1,1,5,0,0,1,1,1,1
1,22,4,1,1,1,0,4,1,1,1,1,1,5
1,65,4,0,0,0,0,4,0,0,1,0,1,1
2,74,3,0,0,0,0,4,0,0,0,0,0,1
1,46,1,1,1,1,0,6,0,0,1,1,1,5
2,56,4,1,0,1,1,5,0,0,1,0,1,1
2,20,2,1,0,0,0,4,1,1,1,1,1,5
1,23,1,1,1,1,1,6,0,0,1,1,1,1
1,64,3,1,1,1,0,6,0,1,1,1,1,5
1,62,2,0,0,0,0,5,1,0,1,1,1,5
2,33,1,0,0,0,0,5,0,0,1,0,0,1
2,48,2,0,0,0,1,5,0,0,1,1,1,5
2,28,4,0,0,0,0,6,0,0,1,1,0,3
1,37,1,1,1,1,1,6,0,1,1,1,1,4
2,74,2,0,1,0,0,4,0,0,0,1,0,5
2,32,2,0,0,0,0,4,0,0,0,1,0,3
2,27,4,1,0,0,0,6,0,0,0,1,0,2
2,30,1,0,0,0,0,6,0,1,1,1,1,5
1,32,3,1,0,0,0,6,0,1,1,1,1,5
1,62,1,1,1,1,1,5,0,1,1,1,0,1
1,33,4,0,1,1,1,6,0,0,1,1,1,5
1,48,1,1,0,1,1,4,0,1,1,1,1,1
1,63,3,0,1,0,1,4,0,1,1,1,1,2
2,31,2,1,0,0,0,6,0,1,1,1,1,3
1,25,3,0,1,1,1,6,0,1,1,1,1,5
2,55,4,1,1,1,1,6,1,1,1,1,1,5
1,30,3,0,0,0,0,6,0,0,1,1,1,2
2,29,2,1,1,1,0,6,1,1,1,1,1,4
1,34,3,1,0,1,1,6,0,0,1,1,1,5
2,30,2,0,0,1,1,6,1,1,1,1,1,1
1,19,4,0,0,0,0,3,0,0,0,1,1,3
2,34,1,0,1,0,0,5,1,1,1,1,1,3
2,58,4,1,0,0,1,6,1,1,1,1,1,5
2,32,4,0,0,0,0,3,0,0,0,1,0,5
2,55,4,1,0,0,0,5,1,1,1,1,1,5
2,59,2,0,1,1,1,6,0,0,1,1,1,5
2,50,1,0,0,0,0,6,0,0,1,1,1,5
2,32,1,0,0,0,0,5,0,0,0,1,1,3
2,25,3,0,0,0,0,5,0,0,0,0,1,5
2,80,3,0,0,0,0,5,0,0,1,1,1,4
2,43,2,1,1,1,1,6,1,1,1,1,1,5
1,30,2,0,0,0,0,4,0,0,0,1,1,5
2,79,2,0,0,0,0,6,0,0,0,1,0,5
2,49,1,0,0,0,0,6,0,0,0,1,1,1
2,49,4,1,1,1,1,6,0,0,1,1,1,3
1,30,3,0,1,0,1,6,1,0,1,1,1,5
1,37,1,1,1,1,1,6,1,1,1,1,1,4
1,83,1,0,1,1,1,5,1,1,1,1,1,5
2,46,1,1,1,1,1,6,0,0,1,1,0,5
2,54,3,1,1,1,0,5,1,1,1,1,0,5
2,21,2,1,1,1,1,4,0,0,1,1,1,1
1,42,1,1,1,1,1,4,1,0,1,1,1,5
1,44,4,1,1,1,1,6,1,1,1,1,1,5
2,33,4,1,0,0,1,6,0,0,1,1,1,4
2,43,4,1,0,0,1,5,0,0,1,1,0,5
2,31,4,1,0,0,1,6,0,0,1,1,1,5
2,39,4,1,0,0,1,6,0,0,1,1,1,4
2,36,4,1,1,1,1,6,0,1,1,1,1,3
2,42,2,1,0,1,0,6,1,1,1,1,1,1
1,37,3,1,0,1,1,4,0,0,0,1,1,5
2,64,1,1,1,0,1,4,1,1,1,1,1,5
2,85,2,1,0,0,0,6,0,0,1,1,0,2
1,20,1,1,1,1,1,4,0,0,1,1,1,5
1,35,4,1,1,1,1,6,1,0,1,1,1,2
1,19,3,1,1,0,1,4,0,0,1,1,1,2
1,27,1,1,0,1,1,4,0,0,1,1,1,1
2,61,2,1,0,0,1,6,1,1,1,1,1,2
1,29,2,1,1,1,1,6,0,1,1,1,1,4
1,77,2,1,1,1,1,6,0,0,1,1,0,2
2,38,2,1,0,0,1,4,1,1,1,1,1,4
2,67,4,1,0,0,1,4,0,0,1,1,1,5
1,35,2,1,1,1,1,6,1,0,1,1,1,5
1,40,3,1,1,1,1,4,0,1,1,1,1,5
2,31,3,1,0,0,0,4,0,0,0,1,1,5
2,80,3,1,0,0,0,5,0,0,1,1,0,2
2,32,1,1,0,0,0,6,0,0,0,1,1,3
1,45,1,1,1,1,1,6,1,1,1,1,1,5
2,33,2,1,0,0,0,6,0,0,1,1,1,2
1,57,3,1,1,1,1,5,1,1,1,1,1,5
1,31,1,1,1,1,1,6,1,0,1,1,1,5
2,23,2,1,1,0,1,6,0,1,1,1,1,5
2,25,3,1,1,1,1,6,0,1,1,1,1,5
1,62,1,1,0,1,0,4,0,0,1,1,1,5
2,84,2,0,0,1,0,5,0,0,1,1,1,3
2,44,3,0,1,1,1,6,0,0,1,1,1,5
1,55,4,1,1,1,1,4,0,0,1,1,1,1
2,83,1,0,0,0,0,5,0,0,0,1,1,3
2,68,1,1,0,0,0,5,0,0,1,1,1,5
2,44,3,0,0,0,0,5,0,0,1,1,1,5
2,60,3,0,1,1,0,4,0,0,1,1,1,4
2,58,4,1,0,0,0,4,0,0,1,1,0,3
2,35,4,0,0,1,0,6,0,0,1,1,1,5
2,35,2,0,0,0,0,5,0,1,0,1,0,3
2,30,1,1,0,1,0,6,0,1,1,1,1,5
2,52,2,0,0,0,1,5,0,0,1,1,1,3
2,48,2,0,0,0,1,5,0,0,1,1,0,5
2,35,1,1,0,1,1,6,0,0,1,1,1,5
2,46,1,0,0,1,0,4,0,1,1,1,1,1
2,48,4,0,0,0,0,4,0,1,1,1,1,5
2,32,4,0,1,1,0,6,1,0,1,1,1,5
1,20,3,1,1,1,0,4,0,0,1,1,1,5
2,29,4,1,0,1,1,6,0,1,1,1,1,5
1,22,3,0,0,0,0,4,0,0,1,1,1,5
2,57,2,0,1,0,0,5,0,0,1,0,1,5
2,25,4,0,0,0,0,6,0,0,1,0,0,5
1,18,3,1,0,0,0,4,0,0,1,1,1,5
2,32,4,0,0,0,0,6,0,0,1,1,1,5
2,37,2,0,0,0,0,5,0,0,1,0,1,5
2,70,3,0,0,0,0,2,0,0,0,0,1,3
1,31,3,1,1,1,1,6,0,1,1,1,1,5
2,71,1,1,1,1,0,6,0,1,1,1,1,5
2,22,1,0,0,0,0,4,0,0,1,0,1,
1,64,3,1,1,1,1,6,0,0,1,1,1,5
1,24,4,1,0,1,0,6,0,0,1,1,1,1
1,55,1,0,0,1,0,6,0,0,1,0,1,5
2,28,2,0,0,0,0,5,0,1,1,1,1,2
2,46,4,1,0,0,1,5,0,0,1,1,1,1
1,18,1,1,1,0,0,4,0,0,0,0,0,5
1,46,4,1,1,1,1,6,1,1,1,1,1,5
2,21,3,0,0,0,0,4,0,0,0,1,0,5
2,47,2,0,0,0,0,4,0,0,1,1,1,5
2,54,3,1,1,1,1,5,0,1,1,1,1,5
2,23,4,1,0,0,0,6,0,1,1,1,1,5
2,60,3,1,1,0,0,6,0,1,1,1,1,2
2,59,3,0,1,0,0,5,0,0,1,1,0,5
1,25,2,1,1,1,1,4,0,0,1,1,1,5
2,67,1,1,1,1,1,6,0,1,1,1,1,4
1,32,1,0,0,0,0,5,0,0,0,1,1,2
2,40,2,0,0,0,1,4,0,0,0,0,0,3
2,63,1,0,0,0,0,5,0,0,0,1,1,3
2,45,2,0,0,0,0,5,0,0,1,1,0,3
2,19,2,0,0,0,0,4,0,0,0,1,0,5
2,24,1,1,0,0,1,6,0,0,0,1,0,3
2,34,4,0,0,0,0,6,0,0,1,1,0,5
2,49,1,0,0,1,1,4,0,0,1,1,0,5
2,58,4,0,0,0,0,5,0,0,0,1,0,4
1,51,4,0,0,0,1,4,0,0,1,1,1,5
2,39,1,0,0,0,0,4,0,0,1,1,0,
2,23,2,1,1,0,1,6,0,0,0,1,1,5
1,90,1,0,0,0,1,2,0,0,1,1,1,2
2,63,4,0,1,0,1,5,0,0,0,1,0,4
2,66,2,1,1,1,1,6,0,0,0,1,0,5
2,33,4,1,1,0,0,6,0,0,1,0,1,5
2,19,2,0,0,0,0,4,0,0,1,1,1,5
2,65,1,1,1,1,1,6,0,0,1,1,0,5
1,59,4,1,0,1,1,4,0,1,1,0,1,1
2,57,4,1,0,0,0,6,1,1,1,1,1,1
1,62,1,1,1,1,1,4,1,0,1,0,0,5
1,62,1,0,0,1,0,5,0,1,1,0,0,1
2,33,3,0,0,0,0,4,0,1,1,0,1,1
1,32,4,1,1,1,1,6,0,1,1,1,1,1
2,67,3,0,1,1,1,6,0,0,1,0,1,5
2,73,1,1,1,1,1,5,0,0,1,0,0,5
2,80,3,0,0,0,0,4,0,1,0,0,1,1
2,27,2,1,1,1,1,6,0,0,1,1,1,1
2,57,2,1,1,1,1,5,0,1,1,0,1,5
1,18,3,0,0,1,0,4,0,1,1,1,1,5
2,34,3,0,0,0,0,4,0,0,1,0,1,3
1,67,2,0,0,1,1,4,0,0,1,0,1,1
2,72,4,0,0,0,0,4,0,0,1,0,0,5
1,23,1,1,0,1,0,4,0,0,1,0,1,2
2,78,1,1,1,0,0,5,0,0,1,0,0,1
2,38,2,1,1,1,1,6,0,1,1,0,1,5
1,20,1,0,0,0,0,5,0,0,0,1,1,2
1,27,4,1,1,1,0,6,1,1,1,1,1,2
2,57,3,0,0,0,0,5,0,0,1,0,0,1
2,45,4,0,0,0,0,5,0,1,1,0,1,4
1,18,2,0,0,0,0,4,0,0,1,1,1,3
1,75,2,1,0,1,1,6,1,0,1,1,1,5
2,54,4,0,1,0,0,6,1,1,1,1,1,5
2,37,2,0,0,0,0,4,0,1,1,0,1,3
1,84,3,0,0,0,0,4,0,0,1,0,1,3
2,60,4,0,1,1,0,5,0,1,1,0,1,1
2,86,4,0,0,0,0,4,0,0,0,0,0,3
2,79,1,0,0,1,0,5,0,0,1,1,1,4
2,36,2,1,0,0,0,6,0,0,1,1,1,5
2,25,1,0,0,1,1,6,1,1,1,1,1,5
2,27,3,1,0,1,0,5,0,0,1,0,1,1
2,33,3,0,0,0,0,6,0,0,1,1,1,3
2,43,1,1,1,0,0,6,0,1,1,1,1,5
1,33,3,0,0,0,0,4,0,1,1,1,1,3
2,67,1,1,0,1,1,6,0,0,1,1,1,5
2,28,1,0,0,0,1,6,0,1,1,1,1,5
2,36,4,0,0,0,0,5,0,0,1,1,1,3
2,59,2,0,1,0,0,6,0,1,1,0,1,2
1,34,2,0,0,0,0,6,0,1,1,1,1,1
2,36,4,1,1,1,1,4,0,0,1,1,1,5
2,76,3,0,0,0,0,6,0,1,1,1,1,2
2,30,3,1,1,1,0,6,0,0,1,1,1,1
2,58,4,0,0,0,0,4,0,0,0,0,0,3
1,23,1,0,0,0,0,6,0,1,1,1,1,3
2,26,2,1,1,0,0,6,0,0,0,0,0,3
2,65,1,0,1,1,1,5,0,0,1,1,1,5
1,65,1,0,1,1,1,7,0,1,1,1,1,1
2,38,2,1,0,0,0,4,0,0,0,1,1,4
1,58,1,0,0,0,0,4,0,0,1,0,1,3
2,33,2,1,0,1,1,6,0,0,0,1,1,2
1,67,4,1,1,1,1,6,0,0,1,1,1,5
2,49,4,0,0,0,0,5,0,0,1,0,1,5
1,22,1,0,0,0,0,5,0,0,0,0,1,4
2,35,3,0,0,0,0,4,0,0,0,1,1,4
2,66,3,0,0,0,1,5,0,0,1,0,0,3
2,34,2,0,0,0,0,6,0,0,1,0,1,3
2,47,3,0,0,0,0,4,0,0,1,0,1,5
2,65,2,0,0,0,0,5,1,1,1,1,1,2
2,45,3,1,0,0,1,5,0,0,1,1,0,5
1,41,1,0,0,1,1,6,0,0,1,1,1,5
1,44,4,1,1,1,1,6,0,0,1,0,0,5
1,59,4,0,0,1,1,5,0,0,1,1,1,4
1,21,1,0,0,1,0,4,0,0,0,0,0,3
2,66,1,0,1,1,1,6,0,0,1,1,1,5
1,54,4,1,0,1,0,6,0,1,1,1,1,4
2,22,4,0,0,0,0,4,0,0,1,1,1,5
2,55,3,1,1,1,1,6,0,1,1,1,1,5
2,59,3,0,0,1,0,5,0,0,1,1,1,5
2,34,4,1,1,0,0,5,0,1,1,1,1,5
1,54,2,1,1,1,1,6,0,0,1,1,1,3
2,37,2,0,1,0,0,6,0,0,1,1,1,2
2,24,1,0,1,0,0,6,0,1,1,1,1,5
2,19,3,1,0,0,0,4,0,1,1,1,1,5
2,68,2,0,1,1,1,6,0,0,1,1,1,3
2,61,1,0,1,0,1,6,0,0,0,1,0,1
1,32,4,0,0,1,0,6,0,0,1,1,1,3
1,71,1,1,1,1,0,4,0,0,1,1,0,5
2,54,3,0,0,0,0,6,0,1,1,1,1,5
1,20,2,1,0,0,0,4,0,0,1,1,1,1
2,29,3,0,0,1,1,6,0,0,1,1,1,5
2,60,3,1,0,1,0,6,0,1,1,1,1,5
2,24,1,0,0,0,0,6,0,0,1,1,1,1
2,23,2,0,1,1,0,6,0,0,0,1,1,5
2,30,4,1,0,1,0,6,0,0,1,1,1,5
1,65,1,1,1,0,0,6,0,1,1,1,1,5
1,34,2,0,1,0,0,5,0,0,1,1,1,5
2,32,4,0,0,0,1,6,0,1,1,1,0,2
1,21,1,0,0,0,0,4,0,1,1,1,1,5
2,25,4,1,0,0,1,4,1,1,1,1,1,3
2,66,2,1,1,0,1,6,0,1,1,1,1,5
2,24,2,0,0,0,0,5,0,1,1,1,1,4
1,37,4,1,1,1,1,6,0,0,0,1,1,5
2,33,3,0,0,0,0,6,0,1,1,1,1,5
2,82,2,1,1,1,1,6,0,0,1,0,0,5
1,61,1,1,1,0,1,6,1,1,1,1,1,5
2,42,3,1,0,0,0,6,0,0,1,1,1,5
2,67,3,1,0,0,1,4,0,0,1,1,1,5
1,46,3,1,1,0,0,5,0,1,1,1,1,5
1,79,1,0,1,0,0,6,0,1,1,1,1,1
1,54,1,0,1,1,1,6,0,1,1,1,1,5
2,35,3,1,1,1,1,6,0,1,1,1,1,5
1,25,4,1,1,1,1,6,0,1,1,1,1,5
2,43,2,1,0,0,1,5,0,0,1,1,0,3
1,52,4,1,1,1,1,5,0,1,1,1,1,5
1,40,3,1,1,1,1,6,0,1,1,1,1,1
1,22,2,0,0,0,1,4,0,0,1,1,0,1
2,64,1,1,1,1,1,5,0,0,0,0,0,5
2,67,4,0,1,1,0,6,0,0,1,0,0,5
