crisis,crisname,year,chall,def,chalwin3,chalwin4,relcapbl,rlstake3,relres4,chalnuke,defnukes,allycpbl,chaldemc,defdemoc,demcapbl,joinreg,audresq4,audadvsq,allies,chalmajr,defmajor,chaliss,defiss,chalcpbl,defcapbl,chpowicb,dfpowicb,nwsevvio,nwcenvio,chalmgt,defmgt,deftrigr,dfmajres
1,"Russia",1918,2,365,1,1,.8847989,-1,0,0,0,0,21,10,185.8078,210,0,121,0,1,0,1,4,.287434,.037424,3,3,3,4,8,8,8,8
3,"Russia",1918,20,365,1,1,.2241319,-1,0,0,0,0,21,10,47.06769,210,0,121,0,0,0,1,4,.010811,.037424,1,3,3,4,8,8,8,8
2,"COSTA",1918,94,93,1,1,.4330709,-1,0,0,0,0,21,8,72.75591,168,0,169,0,0,0,1,4,.00011,.000144,1,1,1,1,4,4,3,6
3,"RUSSIA",1918,200,365,1,1,.7968395,-1,0,0,0,.7968395,19,10,151.3995,190,0,81,1,1,0,1,4,.146785,.037424,3,3,3,4,8,8,8,8
1,"RUSSIA",1918,220,365,1,1,.7099994,-1,0,0,0,.7099994,19,10,134.8999,190,0,81,1,1,0,1,4,.091624,.037424,3,3,3,4,8,8,8,8
1,"Russia",1918,740,365,1,1,.4459315,-1,0,0,0,.4459315,12,10,53.51178,120,0,4,1,1,0,1,3,.03012,.037424,3,3,3,4,8,8,8,8
2,"COSTA",1919,93,94,3,4,.6099291,1,0,0,0,0,8,21,102.4681,168,0,169,0,0,0,4,1,.000172,.00011,1,1,2,2,4,4,3,3
6,"HUNGAR",1919,220,310,3,4,.9474802,-2,2,0,0,0,19,4,72.0085,76,450,225,0,1,0,2,6,.063358,.003512,3,1,2,2,7,1,1,8
5,"TESCHE",1919,315,290,2,3,.3612567,0,0,0,0,0,18,19,123.5498,342,0,1,0,0,0,3,3,.010958,.019375,1,2,3,3,8,8,8,8
6,"Hungar",1919,315,310,1,1,.757291,-1,0,0,0,0,18,4,54.52495,72,0,196,0,0,0,3,6,.010958,.003512,1,1,4,4,8,8,8,8
7,"SMYRNA",1919,350,325,2,3,.0593589,1,0,0,0,0,12,10,7.123065,120,0,4,0,0,1,3,2,.002922,.046304,2,3,2,3,7,7,8,6
6,"HUNGAR",1919,360,310,3,4,.6725408,-1,0,0,0,0,7,4,18.83114,28,0,9,0,0,0,3,6,.007213,.003512,1,1,4,4,8,8,8,8
10,"BESSAR",1919,365,360,1,1,.8941553,0,0,0,0,0,10,7,62.59087,70,0,9,0,0,0,3,3,.060934,.007213,3,1,3,3,7,7,8,9
9,"FINNIS",1919,375,365,2,3,.0226948,0,0,0,0,0,19,10,4.312017,190,0,81,0,0,0,3,3,.001415,.060934,1,3,3,3,7,7,8,8
8,"THIRD",1919,700,200,2,3,.0216326,1,0,0,0,0,5,19,2.055098,95,0,196,0,0,1,4,2,.00249,.112614,1,3,4,3,7,7,8,8
13,"POLISH",1920,290,365,2,3,.2098051,1,0,0,0,0,19,10,39.86296,190,0,81,0,0,0,6,3,.027098,.10206,2,3,4,4,8,8,8,8
17,"VILNA",1920,290,368,2,3,.9579666,0,0,0,0,0,19,15,273.0205,285,0,16,0,0,0,3,3,.027098,.001189,2,1,4,3,7,7,8,8
16,"GREECE",1920,350,640,3,4,.4398955,0,0,0,0,0,12,10,52.78746,120,0,4,0,0,0,3,3,.004212,.005363,2,2,2,2,8,8,8,8
14,"PERSIA",1920,365,630,1,1,.9650699,0,2,0,0,0,10,4,38.60279,40,72,36,0,0,0,4,3,.10206,.003694,3,2,2,2,7,1,3,3
11,"CILICI",1920,640,220,3,4,.0831254,1,0,0,0,0,10,20,16.62507,200,0,100,0,0,1,3,2,.005363,.059154,2,3,4,4,7,7,8,8
19,"COSTA",1921,95,94,1,1,.4568528,0,0,0,0,0,8,21,76.75127,168,0,169,0,0,0,3,3,.00009,.000107,1,1,2,2,7,7,3,3
20,"German",1921,220,255,3,4,.3727586,-1,1,0,0,0,20,17,126.7379,340,9,9,0,1,0,1,4,.051431,.086543,3,2,1,1,6,1,2,2
24,"BURGEN",1921,310,305,2,3,.4103327,0,0,0,0,0,10,19,77.96322,190,0,81,0,0,0,3,3,.004686,.006734,1,1,2,2,7,7,8,8
21,"KARL'S",1921,315,310,1,1,.7317534,-1,0,0,0,0,18,10,131.7156,180,0,64,0,0,0,2,4,.012783,.004686,1,1,1,1,6,6,3,3
23,"ALBANI",1921,345,339,2,3,.9599109,1,0,0,0,0,11,2,21.11804,22,0,81,0,0,0,5,3,.005603,.000234,2,1,4,4,8,8,8,8
18,"GREECE",1921,350,640,1,1,.5213944,-1,0,0,0,0,12,,,,,,0,0,0,3,6,.00697,.006398,2,2,4,4,8,8,8,8
26,"CHANAK",1922,640,200,2,3,.0784853,1,0,0,0,0,5,21,8.240957,105,0,256,0,0,1,3,2,.007818,.091793,2,3,1,1,4,4,6,6
25,"GREECE",1922,640,350,3,4,.5636219,0,0,0,0,0,5,12,33.81732,60,0,49,0,0,0,3,3,.007818,.006053,2,2,4,4,8,8,8,8
27,"RUHR I",1923,220,255,3,4,.396684,0,0,0,0,0,20,17,134.8725,340,0,9,0,1,0,1,1,.058593,.089114,3,2,1,1,4,4,4,2
28,"CORFU",1923,325,350,3,4,.8712376,0,2,0,0,0,10,8,69.69901,80,8,4,0,1,0,3,3,.030103,.004449,3,2,2,2,7,2,3,3
31,"MOSUL",1924,640,200,2,3,.0634403,1,0,0,0,0,5,21,6.661233,105,0,256,0,0,1,3,1,.007122,.105141,2,3,2,2,3,3,3,3
32,"BULGAR",1925,350,355,1,1,.7109675,0,0,0,0,0,5,8,28.4387,40,0,9,0,0,0,3,3,.004622,.001879,2,1,2,2,3,3,3,8
33,"NICARA",1926,70,93,1,1,.9771571,-1,1,0,0,0,8,8,62.53805,64,0,0,0,0,0,2,4,.007486,.000175,2,1,1,1,6,3,3,6
36,"VILNA",1927,290,368,2,3,.9556471,-2,0,0,0,0,8,3,22.93553,24,0,25,0,0,0,1,6,.022042,.001023,1,1,1,1,3,3,2,5
35,"Shantu",1927,740,710,3,4,.2397113,-1,2,0,0,0,12,6,17.25921,72,72,36,0,1,0,2,4,.041774,.132494,3,2,2,3,7,1,2,8
37,"CHACO",1928,150,145,2,2,.3018868,0,0,0,0,0,8,13,31.39623,104,0,25,0,0,0,6,5,.000336,.000777,1,1,2,3,7,7,8,8
35,"Shantu",1928,740,710,1,1,.2454784,-1,0,0,0,0,12,6,17.67444,72,0,36,0,1,0,2,4,.041369,.127155,3,2,2,3,7,7,8,8
38,"CHINES",1929,710,365,1,1,.4861253,0,0,0,0,0,6,3,8.750256,18,0,9,0,0,1,4,3,.126816,.134055,2,3,2,3,7,7,3,6
39,"MUKDEN",1931,740,710,3,4,.2554327,-1,0,0,0,0,12,6,18.39115,72,0,36,0,1,0,1,3,.042986,.125301,3,2,3,2,7,7,8,8
42,"LETICI",1932,135,100,1,1,.477253,-1,0,0,0,0,13,16,99.26862,208,0,9,0,0,0,1,3,.001647,.001804,1,1,3,3,7,7,8,8
41,"CHACO",1932,145,150,2,3,.6728281,-1,0,0,0,0,13,8,69.97412,104,0,25,0,0,0,4,5,.000728,.000354,1,1,4,3,7,7,8,8
44,"SAUDI/",1933,678,670,1,1,.6854545,-1,0,0,0,0,1,1,.6854545,1,0,0,0,0,0,2,3,.001131,.000519,1,2,4,3,7,7,8,8
47,"Wal-Wa",1934,530,325,2,3,.1150408,2,1,0,0,0,6,2,1.380489,12,16,16,0,0,1,6,2,.004697,.036132,1,3,2,2,7,6,6,3
50,"ECUADO",1935,130,135,2,3,.2865827,0,0,0,0,0,10,13,37.25575,130,0,9,0,0,0,3,3,.00066,.001643,3,1,1,1,4,4,6,3
49,"KAUNAS",1935,255,368,2,2,.9901636,-1,0,0,0,0,2,3,5.940982,6,0,1,0,1,0,2,4,.101771,.001011,3,1,1,1,4,6,6,4
47,"ETHIOP",1935,325,200,1,1,.4214259,0,0,0,0,.4214259,2,21,17.69989,42,0,361,1,1,1,2,2,.052229,.071705,3,3,1,1,6,6,6,6
47,"Ethiop",1935,325,530,3,4,.926802,-2,1,0,0,0,2,6,11.12162,12,16,16,0,1,0,2,6,.052229,.004125,3,1,4,3,8,7,8,8
51,"REMILI",1936,255,211,3,4,.914837,1,1,0,0,0,2,21,38.42315,42,361,361,0,1,0,3,2,.114877,.010694,3,1,1,1,4,1,3,6
51,"REMILI",1936,255,220,3,4,.6835191,-1,1,0,0,.6835191,2,21,28.7078,42,361,361,1,1,1,3,5,.114877,.05319,3,3,1,1,4,1,3,6
52,"Spanis",1936,255,230,3,4,.8609533,-1,0,0,0,0,2,18,30.99432,36,0,256,0,1,0,2,4,.114877,.018553,3,2,4,3,8,8,8,8
51,"REMILI",1936,255,315,2,3,.9088227,1,1,0,0,0,2,18,32.71762,36,256,256,0,1,0,3,2,.114877,.011525,3,1,1,1,6,1,3,6
52,"SPANIS",1936,325,230,3,4,.684848,-1,0,0,0,0,2,18,24.65453,36,0,256,0,1,0,2,4,.040317,.018553,3,2,4,3,8,8,8,8
58,"DOM. R",1937,42,41,1,1,.3588317,-1,1,0,0,.3588317,2,1,.7176634,2,1,1,1,0,0,1,4,.000258,.000461,1,1,1,1,4,3,3,6
57,"POSTAG",1937,91,93,2,2,.5575758,0,0,0,0,.5575758,8,3,13.38182,24,0,25,1,0,0,3,3,.000184,.000146,1,1,1,1,3,3,3,6
55,"AMUR R",1937,365,740,1,1,.7275196,0,-1,0,0,0,2,12,17.46047,24,-100,100,0,1,1,3,3,.149482,.055986,3,3,2,2,4,7,6,6
53,"Alexan",1937,640,220,2,3,.1334598,1,0,0,0,.1334598,4,21,11.21062,84,0,289,1,0,1,3,2,.007598,.049333,2,3,1,1,4,4,3,3
53,"Alexan",1937,640,220,3,4,.1334598,1,0,0,0,.1334598,4,21,11.21062,84,0,289,1,0,1,3,2,.007598,.049333,2,3,1,1,1,1,3,3
53,"Alexan",1937,640,220,2,3,.1334598,1,0,0,0,.1334598,4,21,11.21062,84,0,289,1,0,1,3,2,.007598,.049333,2,3,1,1,6,4,3,3
56,"Marco",1937,710,740,2,2,.6758738,1,-1,0,0,0,6,12,48.66291,72,-36,36,0,0,1,6,4,.116743,.055986,2,3,4,3,7,8,8,8
60,"ANSCHL",1938,255,305,3,4,.9648396,-1,0,0,0,0,2,2,3.859358,4,0,0,0,1,0,3,6,.153423,.005591,3,1,1,1,4,4,3,3
64,"MUNICH",1938,255,315,3,4,.9234284,-1,0,0,0,0,2,18,33.24342,36,0,256,0,1,0,3,5,.153423,.012722,3,1,1,1,4,6,1,2
66,"ITALY",1938,325,220,2,2,.4185328,0,0,0,0,.4185328,2,21,17.57838,42,0,361,1,1,1,3,3,.032782,.045544,3,3,1,1,6,4,3,3
63,"CHANGK",1938,365,740,2,3,.7268118,0,0,0,0,0,2,12,17.44348,24,0,100,0,1,1,3,3,.166123,.062441,3,3,3,3,7,7,8,8
53,"Alexan",1938,640,220,3,4,.1463328,1,1,0,0,.1463328,4,21,12.29195,84,289,289,1,0,1,3,2,.007807,.045544,2,3,1,1,6,1,3,3
74,"Entry",1939,255,20,1,1,.9442698,-1,1,0,0,0,2,21,39.65933,42,361,361,0,1,0,3,5,.180585,.010658,3,1,4,4,8,7,8,8
74,"Entry",1939,255,200,1,1,.6455874,-1,0,0,0,0,2,21,27.11467,42,0,361,0,1,1,3,6,.180585,.099137,3,3,4,4,7,7,8,8
74,"Entry",1939,255,220,3,4,.8195632,-1,0,0,0,.8195632,2,21,34.42165,42,0,361,1,1,1,3,6,.180585,.039758,3,3,4,4,7,7,8,8
74,"ENTRY",1939,255,290,3,4,.9073392,-1,1,0,0,.9073392,2,5,9.073392,10,9,9,1,1,0,3,6,.180585,.018442,3,2,4,4,8,7,8,6
68,"CZECH.",1939,255,315,3,4,.9384061,-1,1,0,0,0,2,18,33.78262,36,256,256,0,1,0,3,5,.180585,.011853,3,1,1,1,6,1,1,3
69,"MEMEL",1939,255,368,3,4,.9952548,0,1,0,0,0,2,2,3.981019,4,0,0,0,1,0,3,3,.180585,.000861,3,1,1,1,6,1,3,6
71,"INVASI",1939,325,339,3,4,.9898515,-1,0,0,0,.9898515,2,2,3.959406,4,0,0,1,1,0,3,6,.027993,.000287,3,1,4,3,7,7,3,3
74,"ENTRY",1939,365,290,3,4,.8830505,-1,1,0,0,.8830505,2,5,8.830505,10,9,9,1,1,0,3,6,.13925,.018442,3,2,4,4,8,7,8,8
75,"SOVIET",1939,365,366,3,4,.9962083,-1,1,0,0,.9962083,2,5,9.962083,10,9,9,1,1,0,3,6,.13925,.00053,3,1,1,1,6,1,3,3
75,"SOVIET",1939,365,367,3,4,.9910256,-1,1,0,0,.9910256,2,2,3.964103,4,0,0,1,1,0,3,6,.13925,.001261,3,1,1,1,6,1,3,3
75,"SOVIET",1939,365,368,2,3,.9938549,-1,1,0,0,.9938549,2,2,3.97542,4,0,0,1,1,0,3,6,.13925,.000861,3,1,1,1,6,1,3,3
76,"FINNIS",1939,365,375,3,4,.986113,0,0,0,0,.986113,2,15,29.58339,30,0,169,1,1,0,3,3,.13925,.001961,3,1,4,3,7,7,6,8
53,"Alexan",1939,640,220,3,4,.1193656,1,0,0,0,.1193656,4,21,10.02671,84,0,289,1,0,1,3,2,.005389,.039758,2,3,1,1,6,6,6,3
73,"TIENTS",1939,740,200,2,3,.3949675,0,1,0,0,0,12,21,99.5318,252,81,81,0,1,1,2,2,.064717,.099137,3,3,1,1,5,1,3,4
72,"NOMONH",1939,740,365,1,1,.3172915,0,0,0,0,0,12,2,7.614997,24,0,100,0,1,1,3,3,.064717,.13925,3,3,4,3,7,7,8,8
78,"FALL O",1940,255,210,3,4,.9702066,-1,1,0,0,0,2,21,40.74868,42,361,361,0,1,0,3,6,.173829,.005338,3,1,4,3,8,7,8,8
78,"FALL O",1940,255,211,3,4,.9556715,-1,1,0,0,0,2,21,40.1382,42,361,361,0,1,0,3,6,.173829,.008063,3,1,4,3,8,7,8,8
78,"FALL O",1940,255,212,3,4,.9905407,-1,3,0,0,0,2,21,41.60271,42,1083,361,0,1,0,3,6,.173829,.00166,3,1,1,1,8,1,1,8
77,"INVAS.",1940,255,385,3,4,.9889572,-1,0,0,0,0,2,21,41.5362,42,0,361,0,1,0,3,6,.173829,.001941,3,1,4,4,8,8,8,8
77,"INVAS.",1940,255,390,3,4,.9895032,-1,3,0,0,0,2,21,41.55914,42,1083,361,0,1,0,3,6,.173829,.001844,3,1,2,2,8,1,3,8
80,"ROMANI",1940,310,360,3,4,.3037533,0,0,0,0,.3037533,10,5,15.18766,50,0,25,1,0,0,3,3,.00522,.011965,1,1,2,2,6,4,3,2
83,"BALKAN",1940,325,350,1,1,.9225703,-2,0,0,0,0,2,3,5.535422,6,0,1,0,1,0,2,6,.030395,.002551,3,1,4,4,8,8,6,8
80,"ROMANI",1940,355,360,3,4,.1673626,0,0,0,0,.1673626,1,5,.8368128,5,0,16,1,0,0,3,3,.002405,.011965,1,1,2,2,1,1,3,3
80,"ROMANI",1940,365,360,3,4,.9184768,0,1,0,0,0,2,5,9.184768,10,9,9,0,1,0,3,3,.134803,.011965,3,1,2,2,7,4,6,3
79,"CLOSUR",1940,740,200,3,4,.3675337,-2,1,0,0,0,12,21,92.6185,252,81,81,0,1,1,2,5,.054481,.093753,3,3,1,1,6,1,3,3
88,"Pearl",1941,2,255,3,4,.5340325,0,0,0,0,0,21,2,224.2936,42,0,361,0,1,1,5,5,.239191,.208705,3,3,4,4,8,8,8,8
88,"Pearl",1941,2,325,3,4,.9189192,0,0,0,0,0,21,2,38.59461,42,0,361,0,1,1,5,5,.239191,.021105,3,3,4,4,8,8,8,8
86,"ECUADO",1941,135,130,3,4,.6390978,0,0,0,0,.6390978,13,10,83.08271,130,0,9,1,0,0,3,3,.00153,.000864,1,1,3,2,7,7,8,8
87,"Occupa",1941,200,630,2,3,.9480627,-2,2,0,0,0,21,10,199.0932,210,242,121,0,1,0,1,6,.09775,.005355,3,1,3,3,7,1,3,3
84,"MID-EA",1941,200,645,3,4,.9837369,-1,0,0,0,.9837369,21,7,144.6093,147,0,196,1,1,0,2,4,.09775,.001616,3,1,3,3,7,7,6,8
83,"BALKAN",1941,255,345,1,1,.9792426,-2,1,0,0,0,2,13,25.46031,26,121,121,0,1,0,2,6,.208705,.004424,3,1,4,3,8,7,3,8
83,"BALKAN",1941,255,350,3,4,.9784759,-1,0,0,0,0,2,3,5.870855,6,0,1,0,1,0,3,6,.208705,.004591,3,1,4,4,8,8,6,8
85,"BARBAR",1941,255,365,2,2,.6232474,-1,0,0,0,.6232474,2,2,2.49299,4,0,0,1,1,1,3,6,.208705,.126162,3,3,4,4,8,8,8,8
87,"OCCUPA",1941,365,630,2,3,.9592828,-2,2,0,0,.9592828,2,10,19.18566,20,128,64,1,1,0,1,6,.126162,.005355,3,1,3,2,7,1,3,3
88,"Pearl",1941,740,2,1,1,.2349389,0,0,0,0,0,12,21,59.20461,252,0,81,0,1,1,5,5,.073452,.239191,3,3,4,4,8,8,8,8
88,"Pearl",1941,740,20,1,1,.8142244,0,0,0,0,0,12,21,205.1846,252,0,81,0,1,0,5,5,.073452,.016759,3,1,4,4,8,8,8,8
88,"Pearl",1941,740,200,1,1,.4290371,0,0,0,0,0,12,21,108.1173,252,0,81,0,1,1,5,5,.073452,.09775,3,3,4,4,8,8,8,8
88,"PEARL",1941,740,210,3,4,.9322503,0,0,0,0,0,12,21,234.9271,252,0,81,0,1,0,5,5,.073452,.005338,3,1,4,4,8,8,8,8
88,"PEARL",1941,740,800,3,4,.9432886,0,3,0,0,.9432886,12,8,90.55571,96,48,16,1,1,0,5,6,.073452,.004416,3,1,2,2,8,1,6,8
88,"Pearl",1941,740,900,1,1,.8683604,-1,0,0,0,0,12,21,218.8268,252,0,81,0,1,0,3,6,.073452,.011135,3,1,4,4,8,8,8,8
88,"Pearl",1941,740,920,1,1,.9766514,-1,0,0,0,0,12,21,246.1162,252,0,81,0,1,0,3,6,.073452,.001756,3,1,4,4,8,8,8,8
105,"FRENCH",1945,220,652,1,1,.9507597,0,0,0,0,0,21,16,319.4553,336,0,25,0,1,0,5,5,.018459,.000956,3,1,3,4,8,8,8,6
104,"TRIEST",1945,345,2,1,1,.0088347,1,0,0,0,.0088347,4,21,.7421129,84,0,289,1,0,1,3,2,.003389,.380213,2,3,1,1,4,4,6,6
104,"TRIEST",1945,345,200,1,1,.0368574,1,0,0,0,.0368574,4,21,3.096021,84,0,289,1,0,1,3,2,.003389,.08856,2,3,1,1,4,4,6,6
108,"AZERBA",1945,365,200,1,1,.5807692,0,1,0,0,.5807692,2,21,24.39231,42,361,361,1,1,1,2,2,.122684,.08856,4,3,1,1,6,1,3,3
108,"AZERBA",1945,365,630,1,1,.9703019,-1,0,0,0,.9703019,2,10,19.40604,20,0,64,1,1,0,2,3,.122684,.003755,4,1,1,1,6,6,6,3
106,"KARS-A",1945,365,640,2,2,.9582067,0,1,0,0,.9582067,2,4,7.665654,8,4,4,1,1,0,3,3,.122684,.005351,3,2,1,1,6,1,3,3
107,"Soviet",1945,365,740,3,4,.6697164,0,-3,0,0,.6697164,2,12,16.07319,24,-300,100,1,1,1,3,4,.122684,.060504,3,3,4,4,1,8,3,8
112,"GREEK",1946,345,350,2,3,.6318284,-1,1,0,0,0,4,19,48.01896,76,225,225,0,0,0,2,4,.005332,.003107,2,1,4,3,8,7,6,8
108,"AZERBA",1946,365,2,1,1,.2611771,0,0,0,1,0,2,21,10.96944,42,0,361,0,1,1,2,2,.125003,.353611,4,4,1,1,1,1,2,2
111,"TURKIS",1946,365,2,1,1,.2611771,0,0,0,1,0,2,21,10.96944,42,0,361,0,1,1,2,2,.125003,.353611,2,4,1,1,4,4,6,3
111,"TURKIS",1946,365,640,1,1,.9147342,0,1,0,0,0,2,21,38.41883,42,361,361,0,1,0,3,3,.125003,.011652,4,2,1,1,6,1,3,3
117,"CUBA/D",1947,40,42,2,2,.8293063,-1,0,0,0,.8293063,14,2,23.22058,28,0,144,1,0,0,2,4,.002128,.000438,1,1,1,1,6,4,3,5
118,"JUNAGA",1947,750,770,3,4,.8200284,0,0,0,0,0,20,7,114.804,140,0,169,0,0,0,3,3,.05321,.011678,2,2,1,1,4,4,3,3
119,"KASHMI",1947,770,750,2,3,.1799716,0,0,0,0,0,7,20,25.19603,140,0,169,0,0,0,3,3,.011678,.05321,2,2,4,4,7,7,8,8
126,"COSTA",1948,93,94,1,1,.5849802,-1,0,0,0,.5849802,3,21,36.85376,63,0,324,1,0,0,2,4,.000148,.000105,1,1,2,2,7,7,8,8
123,"BERLIN",1948,365,2,1,1,.3708662,0,0,0,1,0,2,21,15.57638,42,0,361,0,1,1,2,2,.166589,.2826,4,4,1,1,4,4,6,6
123,"BERLIN",1948,365,200,1,1,.6896496,0,0,0,0,0,2,21,28.96528,42,0,361,0,1,1,2,2,.166589,.074967,4,3,1,1,6,4,6,6
123,"BERLIN",1948,365,220,1,1,.8361097,0,0,0,0,0,2,21,35.11661,42,0,361,0,1,1,2,2,.166589,.032654,4,3,1,1,6,4,6,6
120,"Pal.Pr",1948,645,666,1,1,.442053,-2,0,0,0,0,7,21,64.98179,147,0,196,0,0,0,2,6,.001335,.001685,2,1,4,4,8,8,8,8
120,"PAL. P",1948,651,666,1,1,.7661995,-1,0,0,0,0,12,21,193.0823,252,0,81,0,0,0,3,6,.005522,.001685,2,1,4,4,8,8,8,8
120,"Pal.Pr",1948,652,666,1,1,.3458851,-1,0,0,0,0,4,21,29.05435,84,0,289,0,0,0,3,6,.000891,.001685,1,1,4,4,8,8,8,8
120,"Pal.Pr",1948,660,666,1,1,.1772461,-1,0,0,0,0,13,21,48.38818,273,0,64,0,0,0,3,6,.000363,.001685,1,1,4,4,8,8,8,8
120,"Pal.Pr",1948,663,666,1,1,.1173389,-1,0,0,0,0,1,21,2.464117,21,0,400,0,0,0,3,6,.000224,.001685,1,1,4,4,8,8,8,8
128,"SINAI",1948,666,200,1,1,.0219825,1,1,0,0,0,21,21,9.694268,441,0,0,0,0,1,3,2,.001685,.074967,1,3,3,3,7,4,3,8
131,"SOV. B",1949,365,345,1,1,.9591421,-1,0,0,0,0,2,4,7.673137,8,0,4,0,1,0,2,4,.170171,.007249,4,2,1,1,6,6,6,3
129,"Pushtu",1949,700,770,2,2,.1623124,-1,0,0,0,0,1,13,2.110061,13,0,144,0,0,0,2,3,.002249,.011607,1,2,2,2,7,7,8,6
133,"Korea",1950,2,710,2,3,.7003294,0,0,1,0,0,21,3,44.12075,63,0,324,0,1,1,2,2,.277474,.118731,4,3,4,4,8,8,8,8
132,"Korea",1950,365,2,1,1,.395829,0,0,1,1,0,2,21,16.62482,42,0,361,0,1,1,2,2,.18179,.277474,4,4,2,4,8,8,8,8
132,"Korea",1950,365,732,1,1,.9743744,-2,0,1,0,0,2,3,5.846246,6,0,1,0,1,0,2,6,.18179,.004781,4,1,2,4,8,8,8,8
129,"Pushtu",1950,700,770,1,1,.1386453,-1,0,0,0,0,1,13,1.802389,13,0,144,0,0,0,2,3,.001834,.011394,1,2,3,4,8,8,8,8
132,"KOREA",1950,710,713,2,2,.9608322,-1,0,0,0,0,3,3,8.647491,9,0,0,0,1,0,3,6,.118731,.00484,3,1,1,1,6,6,6,6
132,"Korea",1950,731,2,1,1,.0109113,1,0,0,1,0,4,21,.9165488,84,0,289,0,0,1,3,2,.003061,.277474,1,4,4,4,8,8,8,8
132,"Korea",1950,731,732,1,1,.3903341,-1,0,0,0,0,4,3,4.684009,12,0,1,0,0,0,3,6,.003061,.004781,1,1,4,4,8,8,8,8
133,"Korea",1950,732,710,2,3,.0387088,2,0,0,0,0,3,3,.3483791,9,0,0,0,0,1,6,2,.004781,.118731,1,3,4,4,8,8,8,8
136,"SUEZ C",1951,651,200,2,2,.0845053,1,1,0,0,.0845053,12,21,21.29534,252,81,81,1,0,1,3,2,.00551,.059693,2,3,3,3,7,6,6,8
134,"HULA D",1951,652,666,2,3,.4622681,0,0,0,0,0,13,21,126.1992,273,0,64,0,0,0,3,3,.001121,.001304,1,1,3,3,7,7,8,8
135,"PUNJAB",1951,770,750,2,2,.1828429,0,0,0,0,0,15,20,54.85288,300,0,25,0,0,0,3,3,.01103,.049295,2,2,1,1,6,6,6,6
137,"CATALI",1952,365,380,2,2,.9663686,0,1,1,0,0,2,21,40.58748,42,361,361,0,1,0,1,1,.170824,.005945,4,2,2,2,7,4,6,3
144,"GUATEM",1953,2,90,3,4,.9984259,-1,0,1,0,.9984259,21,13,272.5703,273,0,64,1,1,0,2,4,.301922,.000476,4,1,1,1,6,6,6,7
142,"TRIEST",1953,345,325,2,3,.275736,0,0,0,0,0,4,21,23.16183,84,0,289,0,0,0,3,3,.00664,.017441,2,2,1,1,4,4,6,6
143,"Qibyay",1953,663,666,2,2,.2178884,1,-3,0,0,0,10,21,45.75655,210,-363,121,0,0,0,4,2,.000324,.001163,1,1,2,3,1,8,8,3
138,"BURMA",1953,713,775,1,1,.7562402,0,0,0,0,0,3,21,47.64313,63,0,324,0,0,0,4,4,.006726,.002168,1,1,3,2,7,7,3,8
146,"TAIWAN",1954,710,2,2,2,.2741906,1,0,0,1,0,3,21,17.27401,63,0,324,0,1,1,3,2,.1027,.271857,3,4,1,1,4,4,6,8
146,"TAIWAN",1954,710,713,2,2,.9402868,-1,0,0,0,0,3,3,8.462581,9,0,0,0,1,0,3,6,.1027,.006522,3,1,3,4,8,8,8,8
147,"Costa",1955,93,94,1,1,.7128378,0,0,0,0,.7128378,3,21,44.90878,63,0,324,1,0,0,4,4,.000211,.000085,1,1,2,3,7,7,8,6
147,"COSTA",1955,101,94,1,1,.9530646,-1,0,0,0,0,8,21,160.1149,168,0,169,0,0,0,1,4,.001726,.000085,1,1,1,1,6,4,6,1
149,"GAZA R",1955,651,666,1,1,.818369,0,0,0,0,0,4,21,68.743,84,0,289,0,0,0,3,3,.005168,.001147,2,1,3,3,6,6,6,6
150,"PUSHTU",1955,700,770,1,1,.120575,0,0,0,0,0,1,16,1.9292,16,0,225,0,0,0,3,3,.001342,.009788,1,2,1,1,4,4,3,3
154,"POLAND",1956,365,290,2,3,.9227048,-1,0,1,0,.9227048,4,4,14.76328,16,0,0,1,1,0,2,4,.16975,.01422,4,2,1,1,1,1,3,3
155,"HUNGAR",1956,365,310,3,4,.9705213,-1,0,1,0,.9705213,4,4,15.52834,16,0,0,1,1,0,2,4,.16975,.005156,4,1,3,4,8,8,3,8
153,"Qalqil",1956,663,666,2,2,.2641626,0,0,0,0,0,10,21,55.47414,210,0,121,0,0,0,3,3,.000429,.001195,1,1,3,3,8,8,8,8
152,"SUEZ N",1956,666,365,1,1,.0069906,1,0,0,1,0,21,4,.5872064,84,0,289,0,0,1,3,2,.001195,.16975,1,4,1,1,6,6,3,8
152,"SUEZ N",1956,666,651,1,1,.1870695,-1,0,0,0,0,21,4,15.71384,84,0,289,0,0,0,3,5,.001195,.005193,1,2,4,3,7,7,8,8
156,"MOCORO",1957,93,91,2,2,.5469613,0,0,0,0,.5469613,3,10,16.40884,30,0,49,1,0,0,3,3,.000198,.000164,1,1,2,3,7,7,8,8
160,"IFNI",1957,600,230,1,1,.1330609,0,-1,0,0,0,6,4,3.193461,24,-4,4,0,0,0,3,3,.001628,.010607,2,2,3,4,7,8,8,8
158,"France",1957,616,220,2,3,.0150147,1,-2,0,0,0,,21,,,,,0,0,1,4,2,.000499,.032735,1,3,3,2,1,7,8,3
159,"Syria/",1957,640,652,1,1,.8523444,0,1,0,0,0,15,18,230.133,270,9,9,0,0,0,4,4,.007435,.001288,2,1,1,1,4,2,2,6
169,"MEX./G",1958,90,70,2,3,.0647624,0,2,0,0,.0647624,6,5,1.942873,30,2,1,1,0,0,1,1,.000458,.006614,1,2,2,2,7,1,3,3
168,"BERLIN",1958,365,2,2,2,.4240051,0,0,1,1,0,4,21,35.61643,84,0,289,0,1,1,2,2,.168121,.228386,4,4,1,1,1,1,3,3
168,"BERLIN",1958,365,200,2,2,.7875959,0,0,1,1,0,4,21,66.15805,84,0,289,0,1,1,2,2,.168121,.04534,4,3,1,1,1,1,3,3
168,"BERLIN",1958,365,220,2,2,.8334994,0,0,1,0,0,4,16,53.34396,64,0,144,0,1,1,2,2,.168121,.033584,4,3,1,1,1,1,3,3
168,"BERLIN",1958,365,260,2,2,.8199984,-1,0,1,0,0,4,21,68.87987,84,0,289,0,1,0,2,3,.168121,.036905,4,2,1,1,1,1,3,3
158,"France",1958,616,220,3,4,.0144672,1,-2,0,0,0,,16,,,,,0,0,1,4,2,.000493,.033584,1,3,3,2,1,7,8,7
163,"EGYPT/",1958,651,625,1,1,.8541286,0,0,0,0,.8541286,4,4,13.66606,16,0,0,1,0,0,3,3,.005141,.000878,2,1,1,1,4,4,6,6
166,"TAIWAN",1958,710,2,1,1,.354017,1,-1,0,1,0,3,21,22.30307,63,-324,324,0,1,1,3,2,.125162,.228386,3,4,1,1,1,6,6,9
166,"TAIWAN",1958,710,713,1,1,.943252,-1,-1,0,0,0,3,3,8.489268,9,0,0,0,1,0,3,5,.125162,.00753,3,1,3,3,7,8,8,8
167,"CAMBOD",1958,800,811,2,2,.8043154,1,0,0,0,0,4,2,6.434524,8,0,4,0,0,0,4,1,.003243,.000789,1,1,1,1,3,3,3,3
170,"CEN. A",1959,40,41,1,1,.8206278,-1,3,0,0,.8206278,4,3,9.847534,12,3,1,1,0,0,2,4,.001647,.00036,1,1,2,2,8,1,3,1
170,"CEN AM",1959,40,42,1,1,.7575897,-1,1,0,0,.7575897,4,2,6.060718,8,4,4,1,0,0,2,4,.001647,.000527,1,1,2,3,8,7,3,8
170,"CEN. A",1959,40,93,1,1,.886437,-1,1,0,0,.886437,4,3,10.63724,12,1,1,1,0,0,2,4,.001647,.000211,1,1,2,3,8,7,8,1
170,"CEN. A",1959,40,95,1,1,.8907518,-1,0,0,0,.8907518,4,15,53.44511,60,0,121,1,0,0,2,4,.001647,.000202,1,1,1,1,1,1,3,3
172,"SHATT-",1959,630,645,2,2,.7318817,0,0,0,0,.7318817,1,6,4.391291,6,0,25,1,0,0,3,3,.004605,.001687,2,2,2,2,7,7,2,3
171,"CHINA/",1959,710,750,2,2,.7428113,0,0,0,0,0,3,20,44.56868,60,0,289,0,1,0,3,3,.132057,.045723,3,3,2,2,7,7,6,8
178,"CentralAm",1960,2,40,3,4,.9915727,0,1,1,0,.9915727,21,4,83.29211,84,289,289,1,1,0,2,2,.215322,.00183,4,1,1,1,6,1,2,6
178,"CEN. A",1960,40,90,1,1,.7987778,-1,3,0,0,.7987778,4,6,19.17067,24,12,4,1,0,0,2,4,.00183,.000461,1,1,2,2,8,1,3,2
178,"CEN. A",1960,40,93,1,1,.8974988,-1,3,0,0,.8974988,4,3,10.76999,12,3,1,1,0,0,2,4,.00183,.000209,1,1,2,2,8,1,3,2
175,"FAILED",1960,42,101,1,1,.1724608,0,0,0,0,0,2,17,5.863667,34,0,225,0,0,0,4,4,.000506,.002428,1,2,1,1,5,5,3,6
174,"GHANA/",1960,461,452,1,1,.1144414,0,-1,0,0,0,5,3,1.716621,15,-4,4,0,0,0,3,3,.000084,.00065,1,2,1,1,1,6,6,3
176,"CONGO",1960,490,211,3,4,.0086231,1,0,0,0,0,15,21,2.716273,315,0,36,0,0,0,4,2,.000062,.007128,1,3,2,3,7,7,8,8
179,"ETHIOP",1960,520,530,2,2,.0924888,-1,0,0,0,0,18,2,3.329597,36,0,256,0,0,0,3,5,.000165,.001619,1,2,3,4,7,7,8,8
173,"ROTTEM",1960,651,666,2,2,.8482154,0,0,0,0,0,4,21,71.25009,84,0,289,0,0,0,2,2,.006773,.001212,3,2,1,1,6,6,6,6
181,"BAY OF",1961,2,40,1,1,.991294,-1,0,1,0,0,21,4,83.26869,84,0,289,0,1,0,2,4,.211785,.00186,4,1,3,4,8,8,6,8
185,"BERLIN",1961,265,200,3,4,.1736559,1,0,0,1,0,2,21,7.293549,42,0,361,0,0,1,4,2,.00834,.039686,4,3,1,1,1,1,6,3
185,"BERLIN",1961,265,220,3,4,.2161518,1,0,0,1,0,2,16,6.916857,32,0,196,0,0,1,4,2,.00834,.030244,4,3,1,1,1,1,6,3
185,"BERLIN",1961,265,260,3,4,.1749895,0,0,0,0,0,2,21,7.349559,42,0,361,0,0,0,4,3,.00834,.03932,4,3,1,1,1,1,3,3
185,"BERLIN",1961,365,2,2,3,.4475385,0,0,1,1,0,4,21,37.59324,84,0,289,0,1,1,2,2,.171563,.211785,4,4,1,1,1,1,6,3
184,"BIZERT",1961,616,220,2,3,.0198658,2,0,0,1,0,2,16,.6357067,32,0,196,0,0,1,5,2,.000613,.030244,1,3,3,4,7,7,8,9
183,"Kuwait",1961,645,200,1,1,.0465368,1,-1,0,1,0,6,21,5.863633,126,-225,225,0,0,1,3,2,.001937,.039686,2,3,1,1,1,6,6,1
183,"KUWAIT",1961,645,690,1,1,.8980065,-1,0,0,0,.8980065,6,3,16.16412,18,0,9,1,0,0,3,6,.001937,.00022,2,1,1,1,6,6,6,2
188,"Breaku",1961,651,652,1,1,.7978882,-2,-2,0,0,.7978882,4,9,28.72397,36,-50,25,1,0,0,2,6,.005365,.001359,3,1,2,2,1,7,6,8
182,"PUSHTU",1961,700,770,2,3,.1378083,-1,0,0,0,0,1,4,.5512332,4,0,9,0,0,0,1,3,.001626,.010173,1,2,3,4,7,7,8,8
190,"GOA II",1961,750,235,3,4,.958994,1,2,0,0,0,21,2,40.27775,42,722,361,0,0,0,3,2,.046329,.001981,3,1,2,2,7,3,3,8
180,"PATHET",1961,816,2,1,1,.0179499,1,2,0,1,0,3,21,1.130843,63,648,324,0,0,1,3,2,.003871,.211785,1,4,1,1,8,6,6,8
186,"VIETCO",1961,816,2,1,1,.0179499,1,-1,0,1,0,3,21,1.130843,63,-324,324,0,0,1,3,2,.003871,.211785,1,4,1,1,1,6,6,8
180,"Pathet",1961,816,812,2,2,.8964798,-1,1,0,0,0,3,10,26.8944,30,49,49,0,0,0,2,4,.003871,.000447,1,1,3,3,8,7,8,8
186,"VIETCO",1961,816,817,1,1,.5620735,0,1,0,0,0,3,8,13.48976,24,25,25,0,0,0,3,4,.003871,.003016,1,1,2,3,8,7,3,8
196,"CUBAN",1962,2,365,3,4,.5462695,0,0,1,1,0,21,4,45.88664,84,0,289,0,1,1,5,5,.211314,.175517,4,4,1,1,6,6,3,6
191,"MALI/M",1962,600,435,2,3,.9671593,0,2,0,0,0,6,7,40.62069,42,2,1,0,0,0,3,3,.001767,.00006,2,1,2,2,7,1,3,3
195,"Yemen",1962,663,651,1,1,.0914795,0,-1,0,0,.0914795,2,4,.7318363,8,-4,4,1,0,0,1,2,.000554,.005502,1,3,4,4,7,8,8,8
195,"Yemen",1962,663,678,1,1,.6856436,-1,-1,0,0,.6856436,2,11,15.08416,22,-81,81,1,0,0,1,4,.000554,.000254,1,1,4,4,7,8,8,8
195,"YEMEN",1962,670,651,2,2,.1417876,0,0,0,0,.1417876,1,4,.5671502,4,0,9,1,0,0,2,2,.000909,.005502,2,3,4,3,7,7,6,8
195,"YEMEN",1962,670,678,2,2,.7815993,-1,0,0,0,.7815993,1,11,8.597592,11,0,100,1,0,0,2,4,.000909,.000254,2,1,4,3,7,7,8,8
194,"CHINA/",1962,710,750,3,4,.7104198,-1,0,0,0,0,3,20,42.62519,60,0,289,0,1,0,3,5,.115088,.046912,3,3,4,4,8,8,8,8
192,"TAIWAN",1962,713,710,2,2,.0583615,0,0,0,0,0,3,3,.5252534,9,0,0,0,0,1,3,3,.007133,.115088,1,3,1,1,6,6,6,3
193,"NAM TH",1962,816,2,1,1,.0182355,1,1,0,1,0,3,21,1.148839,63,324,324,0,0,1,3,2,.003925,.211314,1,4,3,3,7,4,6,9
193,"NAM TH",1962,816,800,1,1,.5535966,0,1,0,0,0,3,4,6.643159,12,1,1,0,0,0,3,4,.003925,.003165,1,1,3,3,7,4,6,9
198,"DOM. R",1963,41,42,2,3,.4097453,0,0,0,0,.4097453,2,8,6.555925,16,0,36,1,0,0,4,4,.00037,.000533,1,1,1,1,4,4,6,5
204,"DAHOME",1963,434,436,1,1,.4608939,-1,0,0,0,.4608939,13,4,23.96648,52,0,81,1,0,0,1,3,.000165,.000193,1,1,1,1,4,4,5,6
205,"BURUND",1963,516,517,1,1,.5102041,0,0,0,0,.5102041,8,6,24.4898,48,0,4,1,0,0,3,4,.000175,.000168,1,1,3,3,7,7,8,8
201,"KENYA/",1963,520,501,1,1,.2383073,0,0,0,0,0,18,13,55.76392,234,0,25,0,0,0,3,3,.000214,.000684,1,1,1,1,6,6,6,6
199,"ALGERI",1963,600,615,2,3,.5252184,0,0,0,0,.5252184,6,3,9.453931,18,0,9,1,0,0,3,3,.001864,.001685,2,2,3,3,7,7,8,6
202,"CYPRUS",1963,640,350,2,2,.733288,0,0,0,0,.733288,21,15,230.9857,315,0,36,1,0,0,2,2,.007547,.002745,2,2,1,1,4,4,3,7
202,"CyprusI",1963,640,352,2,2,.9905499,-1,0,0,0,0,21,19,395.2294,399,0,4,0,0,0,2,4,.007547,.000072,2,1,3,3,7,7,8,8
197,"MALAYS",1963,850,820,1,1,.8988677,-2,0,0,0,0,6,21,113.2573,126,0,225,0,0,0,2,6,.012781,.001438,3,1,1,1,1,1,6,3
210,"Gulf o",1964,2,816,2,2,.9812034,-2,0,1,0,0,21,3,61.81581,63,0,324,0,1,0,2,5,.206873,.003963,4,2,2,3,8,8,8,8
208,"OGADEN",1964,520,530,1,1,.1163636,0,0,0,0,.1163636,18,2,4.189091,36,0,256,1,0,0,3,3,.000224,.001701,1,2,3,3,7,7,8,8
203,"JORDAN",1964,652,666,1,1,.5048653,0,0,0,0,0,4,21,42.40868,84,0,289,0,0,0,1,1,.001349,.001323,1,2,1,1,5,5,4,4
212,"YEMEN",1964,670,651,2,2,.1302397,0,0,0,0,.1302397,1,4,.5209588,4,0,9,1,0,0,2,2,.001016,.006785,2,3,4,3,7,7,8,8
212,"YEMEN",1964,670,678,2,2,.7968628,-1,0,0,0,.7968628,1,11,8.765491,11,0,100,1,0,0,2,4,.001016,.000259,2,1,4,3,7,7,8,8
210,"GULF O",1964,816,2,2,2,.0187966,2,-2,0,1,0,4,21,1.578914,84,-578,289,0,0,1,5,2,.003963,.206873,1,4,3,4,6,8,8,1
216,"KASHMI",1965,710,750,1,1,.6912282,0,1,1,0,0,2,20,27.64913,40,324,324,0,1,0,3,3,.116192,.051903,3,2,1,1,6,1,3,3
216,"KASHMI",1965,770,750,2,3,.176352,0,0,0,0,0,14,20,49.37857,280,0,36,0,0,0,3,3,.011113,.051903,2,2,4,3,7,7,8,8
214,"RANN O",1965,770,750,2,3,.176352,0,0,0,0,0,14,20,49.37857,280,0,36,0,0,0,3,3,.011113,.051903,2,2,3,2,3,3,8,8
213,"Pleiku",1965,816,2,2,3,.0192396,1,0,0,1,0,3,21,1.212092,63,0,324,0,0,1,3,2,.004002,.204007,2,4,3,4,7,7,8,8
219,"YEMEN",1966,651,670,2,3,.8636027,0,0,0,0,.8636027,4,1,3.454411,4,0,9,1,0,0,2,2,.00699,.001104,2,2,4,3,7,7,8,8
220,"EL SAM",1966,663,666,2,2,.2992701,2,0,0,0,0,2,21,12.56934,42,0,361,0,0,0,5,1,.000615,.00144,1,2,2,4,8,8,8,8
219,"Yemen",1966,678,670,2,3,.2051836,1,0,0,0,.2051836,8,1,1.641469,8,0,49,1,0,0,4,2,.000285,.001104,1,2,4,4,7,7,8,8
221,"CHE GU",1967,40,145,1,1,.820282,-1,0,0,0,0,4,7,22.9679,28,0,9,0,0,0,2,4,.002734,.000599,1,1,3,3,7,7,6,8
223,"CYPRUS",1967,352,640,1,1,.0076733,1,0,0,0,0,18,20,2.762376,360,0,4,0,0,0,4,2,.000062,.008018,2,2,1,1,6,6,2,3
222,"SIX DA",1967,365,2,1,1,.4355911,0,0,1,1,0,4,21,36.58965,84,0,289,0,1,1,2,2,.163784,.21222,4,4,1,1,6,4,6,3
222,"SIX DA",1967,651,666,1,1,.819725,-1,0,0,0,0,4,20,65.578,80,0,256,0,0,0,3,6,.006857,.001508,3,2,4,3,7,7,8,8
222,"Six Da",1967,652,666,1,1,.4792818,-1,1,0,0,0,4,21,40.25967,84,289,289,0,0,0,3,6,.001388,.001508,1,2,4,4,8,7,8,8
222,"Six Da",1967,663,666,1,1,.318264,-1,1,0,0,0,2,21,13.36709,42,361,361,0,0,0,3,6,.000704,.001508,1,2,4,4,8,7,8,8
222,"SIX DA",1967,666,365,3,4,.0091232,2,0,0,1,0,20,4,.7298598,80,0,256,0,0,1,6,2,.001508,.163784,2,4,1,1,6,6,3,8
228,"ESSEQU",1968,101,110,2,2,.9797627,0,1,0,0,0,17,12,199.8716,204,25,25,0,0,0,3,3,.002808,.000058,2,1,1,1,6,1,6,3
227,"PRAGUE",1968,365,315,3,4,.9411595,-1,2,1,0,.9411595,4,4,15.05855,16,0,0,1,1,0,2,4,.163422,.010217,4,1,1,1,7,1,3,8
231,"Pre-Wa",1968,651,666,1,1,.8236311,0,0,0,0,0,4,21,69.18501,84,0,289,0,0,0,5,5,.007145,.00153,3,3,2,4,8,8,8,8
226,"KARAME",1968,663,666,2,2,.327768,2,0,0,0,0,2,20,13.11072,40,0,324,0,0,0,5,1,.000746,.00153,1,3,3,4,7,7,8,8
229,"BEIRUT",1968,666,660,2,2,.7731177,-1,2,0,0,0,20,13,201.0106,260,98,49,0,0,0,2,4,.00153,.000449,2,1,2,2,7,3,6,1
224,"PUEBLO",1968,731,2,3,4,.0261476,0,0,0,1,0,2,21,1.098199,42,0,361,0,0,1,1,2,.005625,.2095,1,4,1,1,4,4,6,8
224,"PUEBLO",1968,731,732,1,1,.3756512,-1,3,0,0,0,2,8,6.010418,16,108,36,0,0,0,1,4,.005625,.009349,1,1,1,1,8,1,3,8
235,"FOOTBA",1969,92,91,2,2,.5514184,-1,0,0,0,.5514184,11,10,60.65602,110,0,1,1,0,0,1,3,.000311,.000253,1,1,4,3,7,7,8,8
234,"SHATT-",1969,645,630,1,1,.2855503,0,0,0,0,.2855503,4,1,1.142201,4,0,9,1,0,0,3,3,.002239,.005602,2,3,1,1,6,6,3,3
232,"War of",1969,651,666,1,1,.8046892,0,0,0,1,0,4,21,67.59389,84,0,289,0,0,0,3,3,.007173,.001741,3,3,4,3,7,7,8,8
236,"CAIRO",1969,652,660,2,3,.7574961,-1,-1,0,0,.7574961,4,13,39.38979,52,-81,81,1,0,0,2,4,.00144,.000461,2,1,3,3,4,7,8,8
231,"USSURI",1969,710,365,2,2,.4198242,0,0,1,1,0,2,4,3.358593,8,0,4,0,1,1,3,3,.117594,.162509,3,4,3,3,7,7,8,8
233,"EC-121",1969,731,2,2,2,.0263455,1,1,0,1,0,2,21,1.106512,42,361,361,0,0,1,4,2,.00548,.202525,1,4,1,1,7,6,6,8
240,"CONAKR",1970,235,438,1,1,.9092013,-1,3,0,0,0,2,2,3.636805,4,0,0,0,0,0,2,4,.002994,.000299,2,1,3,3,8,1,8,8
238,"BLACK",1970,652,663,1,1,.6519964,-1,0,0,0,.6519964,2,2,2.607985,4,0,0,1,0,0,2,4,.001437,.000767,2,1,4,3,7,7,8,8
232,"War of",1970,666,365,1,1,.0112094,1,0,1,1,0,21,4,.9415891,84,0,289,0,0,1,3,2,.001873,.165219,3,4,2,2,7,7,8,6
232,"War of",1970,666,651,1,1,.2041417,0,0,1,0,0,21,4,17.1479,84,0,289,0,0,0,3,3,.001873,.007302,3,3,4,3,7,7,8,8
237,"INVASI",1970,816,811,2,2,.7887877,-1,0,0,0,0,4,2,6.310301,8,0,4,0,0,0,2,4,.005023,.001345,2,1,4,4,8,8,8,8
245,"TANZAN",1971,510,500,2,2,.5717185,-1,0,0,0,.5717185,4,4,9.147496,16,0,0,1,0,0,2,4,.000845,.000633,2,1,1,1,4,4,6,6
244,"Capriv",1971,551,560,2,2,.0888313,0,-3,0,0,0,11,15,14.65717,165,-48,16,0,0,0,3,4,.000583,.00598,1,3,2,2,1,8,8,3
243,"Chad/L",1971,620,220,1,1,.0230306,0,0,0,1,0,4,19,1.750325,76,0,225,0,0,1,3,4,.000566,.02401,2,3,1,1,7,7,2,3
243,"CHAD/L",1971,620,483,1,1,.7004951,-1,0,0,0,.7004951,4,2,5.603961,8,0,4,1,0,0,2,4,.000566,.000242,2,1,1,1,4,4,3,3
242,"BANGLA",1971,750,770,3,4,.8530778,0,0,0,0,0,21,14,250.8049,294,0,49,0,0,0,5,6,.050155,.008638,2,2,4,4,8,8,8,8
247,"TANZAN",1972,510,500,1,1,.5638367,-1,-2,0,0,.5638367,4,4,9.021387,16,0,0,1,0,0,2,4,.00087,.000673,2,1,3,3,3,7,8,6
288,"Chad/L",1972,620,483,3,4,.7175926,0,2,0,0,.7175926,4,2,5.740741,8,8,4,1,0,0,3,4,.00062,.000244,3,1,2,3,7,1,2,8
248,"NORTH/",1972,678,680,2,2,.6304676,0,0,0,0,0,8,5,25.2187,40,0,9,0,0,0,3,3,.000418,.000245,1,1,4,3,7,7,8,8
255,"OCT. Y",1973,365,2,1,1,.4945872,0,0,1,1,0,4,21,41.54533,84,0,289,0,1,1,2,2,.166666,.170314,4,4,1,1,6,4,6,3
254,"COD WA",1973,395,200,2,3,.0011863,0,0,0,1,.0011863,21,21,.5231499,441,0,0,1,0,1,1,1,.000034,.028627,1,3,2,2,4,4,6,3
250,"Zambia",1973,551,560,1,1,.0965971,-1,-1,0,0,0,2,15,2.897914,30,-169,169,0,0,0,1,4,.000616,.005761,1,2,2,2,7,8,5,8
252,"IRAQ I",1973,645,690,1,1,.8670061,0,2,0,0,.8670061,4,3,10.40407,12,2,1,1,0,0,3,3,.002725,.000418,2,1,2,2,7,1,8,8
255,"OCT. Y",1973,651,666,2,3,.7166739,-1,0,0,1,0,4,20,57.33391,80,0,256,0,0,0,3,6,.008274,.003271,3,3,4,3,7,7,8,8
253,"ISRAEL",1973,651,666,2,2,.7166739,-1,0,0,1,0,4,20,57.33391,80,0,256,0,0,0,3,5,.008274,.003271,3,3,1,1,6,6,6,6
255,"Oct. Y",1973,652,666,1,1,.3663309,-1,0,0,1,0,2,21,15.3859,42,0,361,0,0,0,3,6,.001891,.003271,3,3,4,3,7,7,8,8
255,"OCT. Y",1973,666,365,2,3,.0192483,2,0,1,1,0,20,4,1.539865,80,0,256,0,0,1,6,2,.003271,.166666,3,4,1,1,6,4,6,3
256,"OMAN/S",1973,680,698,1,1,.5766423,0,1,0,0,0,5,1,2.883212,5,16,16,0,0,0,3,3,.000237,.000174,1,1,3,3,8,7,8,8
257,"Cyprus",1974,350,352,3,4,.9472313,-2,3,0,0,0,4,21,79.56743,84,867,289,0,0,0,2,5,.002908,.000162,2,1,2,4,8,1,2,8
257,"CYPRUS",1974,350,640,1,1,.2618876,0,0,0,0,.2618876,4,20,20.95101,80,0,256,1,0,0,2,2,.002908,.008196,2,2,4,3,7,7,8,8
257,"CYPRUS",1974,640,352,3,4,.9806173,-2,0,0,0,0,20,21,411.8593,420,0,1,0,0,0,2,5,.008196,.000162,2,1,4,3,7,7,6,8
262,"BELIZE",1975,90,200,1,1,.0199947,1,0,0,1,0,8,21,3.359118,168,0,169,0,0,1,3,2,.000533,.026124,1,3,1,1,6,6,6,6
263,"COD WA",1975,395,200,2,3,.0012234,0,0,0,1,.0012234,21,21,.539532,441,0,0,1,0,1,1,1,.000032,.026124,1,3,2,2,6,6,6,6
260,"War in",1975,490,540,1,1,.7820268,0,1,0,0,0,2,4,6.256214,8,4,4,0,0,0,4,4,.002454,.000684,2,2,4,3,8,7,8,8
261,"Morocc",1975,600,230,2,3,.1619693,1,1,0,0,0,2,4,1.295755,8,4,4,0,0,0,3,1,.002293,.011864,2,2,1,1,4,1,2,6
261,"Morocc",1975,600,615,2,2,.5245939,1,0,0,0,.5245939,2,2,2.098376,4,0,0,1,0,0,3,2,.002293,.002078,2,2,3,3,8,8,8,6
261,"Morocc",1975,615,435,3,4,.9615918,-1,0,0,0,.9615918,2,4,7.692735,8,0,4,1,0,0,2,3,.002078,.000083,2,1,3,3,8,8,8,8
259,"MAYAGU",1975,811,2,1,1,.0062846,2,0,0,1,0,6,21,.7918566,126,0,225,0,0,1,5,2,.000969,.153218,1,4,3,4,8,8,8,8
264,"East T",1975,850,235,3,4,.785777,1,3,0,0,0,4,20,62.86216,80,768,256,0,0,0,3,2,.011624,.003169,3,1,4,4,8,1,3,8
266,"UGANDA",1976,500,501,1,1,.4582822,0,0,0,0,0,4,4,7.332515,16,0,0,0,0,0,3,3,.000747,.000883,1,2,1,1,1,1,3,3
267,"Operat",1976,541,552,3,4,.4533844,-1,-1,0,0,0,4,15,27.20307,60,-121,121,0,0,0,1,4,.00071,.000856,1,2,3,3,7,8,8,9
276,"Operat",1976,571,552,3,4,.0499445,-1,-1,0,0,0,21,15,15.73252,315,-36,36,0,0,0,1,4,.000045,.000856,1,2,2,2,6,7,8,8
271,"SUDAN",1976,620,625,1,1,.4203486,-1,1,0,0,.4203486,4,4,6.725578,16,0,0,1,0,0,2,4,.001037,.00143,2,1,2,3,8,7,3,1
272,"AEGEAN",1976,640,350,1,1,.7242761,-1,0,0,0,.7242761,20,19,275.2249,380,0,1,1,0,0,1,3,.008855,.003371,2,2,1,1,4,4,6,6
269,"IRAQI",1976,645,652,2,2,.5490226,-1,0,0,0,.5490226,4,2,4.392181,8,0,4,1,0,0,2,4,.003567,.00293,2,2,1,1,6,6,6,6
275,"SYRIA",1976,652,666,2,2,.4772764,0,0,0,1,0,2,20,19.09106,40,0,324,0,0,0,2,2,.00293,.003209,2,3,1,1,6,6,6,6
270,"ENTEBB",1976,666,500,3,4,.8111729,2,0,1,0,0,20,4,64.89383,80,0,256,0,0,0,5,1,.003209,.000747,3,1,2,4,8,8,8,8
274,"POPLAR",1976,731,2,2,3,.0422242,0,0,0,1,0,2,21,1.773414,42,0,361,0,0,1,2,2,.006703,.152045,2,4,1,1,6,6,6,2
279,"BELIZE",1977,90,200,1,1,.0221767,1,0,0,1,0,8,21,3.725686,168,0,169,0,0,1,3,2,.000563,.024824,1,3,1,1,4,4,6,6
287,"BEAGLE",1977,160,155,2,2,.7229324,0,0,0,0,.7229324,2,4,5.783459,8,0,4,1,0,0,3,3,.006617,.002536,2,2,1,1,4,4,6,6
282,"OGADEN",1977,520,530,1,1,.1712329,0,0,0,0,.1712329,4,4,2.739726,16,0,0,1,0,0,3,3,.00045,.002178,1,2,4,3,7,7,8,8
277,"SHABA",1977,540,490,1,1,.2527404,0,0,0,0,0,4,2,2.021923,8,0,4,0,0,0,3,4,.000807,.002386,2,2,3,3,7,7,8,8
283,"Rhodes",1977,551,552,3,4,.4362113,-1,0,0,0,0,2,15,13.08634,30,0,169,0,0,0,1,4,.000677,.000875,1,2,3,2,7,7,8,8
285,"FRENCH",1977,615,220,1,1,.0895073,0,0,0,1,0,2,18,3.222261,36,0,256,0,0,1,1,1,.002287,.023264,1,3,1,1,4,4,6,3
281,"Egypt/",1977,651,620,2,3,.8935701,0,0,0,0,.8935701,5,4,17.8714,20,0,1,1,0,0,1,1,.008505,.001013,3,2,3,3,7,7,8,8
284,"VIETNA",1977,816,811,3,4,.9068884,-1,0,0,0,0,4,4,14.51021,16,0,0,0,0,0,3,6,.011454,.001176,1,1,4,3,7,7,8,8
294,"NICARA",1978,94,93,1,1,.404908,-1,-1,0,0,.404908,21,3,25.5092,63,-324,324,1,0,0,1,4,.000198,.000291,1,1,3,3,7,8,8,8
295,"BEAGLE",1978,160,155,2,2,.7215163,0,0,0,0,.7215163,2,4,5.77213,8,0,4,1,0,0,3,3,.006643,.002564,3,2,1,1,4,4,6,6
296,"FALL O",1978,500,510,1,1,.4042887,0,0,0,0,.4042887,4,4,6.468619,16,0,0,1,0,0,4,3,.000773,.001139,1,2,4,4,8,8,8,8
292,"SHABA",1978,540,211,1,1,.115665,0,0,0,0,0,4,21,9.715858,84,0,289,0,0,0,1,2,.000841,.00643,2,2,3,4,8,8,8,8
292,"SHABA",1978,540,220,1,1,.0354703,0,0,0,1,0,4,19,2.69574,76,0,225,0,0,1,1,2,.000841,.022869,2,3,3,4,8,8,8,8
292,"SHABA",1978,540,490,1,1,.2659709,-1,0,0,0,0,4,2,2.127767,8,0,4,0,0,0,1,4,.000841,.002321,2,2,3,3,7,7,8,8
291,"Cassin",1978,540,560,2,2,.1062003,1,0,0,0,0,4,15,6.372017,60,0,121,0,0,0,3,2,.000841,.007078,2,3,3,3,7,7,8,8
288,"Chad-L",1978,620,220,2,3,.0638968,0,0,0,1,0,4,19,4.856161,76,0,225,0,0,1,2,2,.001561,.022869,2,3,1,1,6,6,6,1
288,"Chad/L",1978,620,483,2,3,.8530055,-1,1,0,0,.8530055,4,2,6.824044,8,4,4,1,0,0,2,3,.001561,.000269,3,1,4,3,8,7,8,8
289,"Litani",1978,660,666,2,2,.1311793,1,-3,0,1,0,,21,,,,,0,0,0,3,2,.000406,.002689,1,3,3,3,1,8,8,8
284,"VIETNA",1978,811,800,1,1,.1762067,0,3,0,0,0,4,13,9.162749,52,243,81,0,0,0,3,3,.000982,.004591,1,1,2,2,8,1,3,8
294,"NICARA",1979,94,93,3,4,.3563636,-1,0,0,0,.3563636,21,3,22.45091,63,0,324,1,0,0,1,4,.000196,.000354,1,1,2,3,7,7,8,3
303,"AFGHAN",1979,365,2,2,2,.5357603,0,0,1,1,0,4,21,45.00386,84,0,289,0,1,1,2,2,.168982,.146424,4,4,1,1,4,4,6,8
303,"AFGHAN",1979,365,700,3,4,.9911782,-1,0,1,0,.9911782,4,4,15.85885,16,0,0,1,1,0,2,4,.168982,.001504,4,1,3,4,8,8,8,8
303,"AFGHAN",1979,365,770,2,2,.9483035,0,3,1,0,0,4,4,15.17286,16,0,0,0,1,0,2,2,.168982,.009212,4,2,1,1,8,1,2,8
296,"FALL O",1979,510,620,3,4,.4553602,1,0,0,0,.4553602,4,4,7.285764,16,0,0,1,0,0,3,2,.001321,.00158,2,2,3,4,8,8,8,8
300,"Raids",1979,540,552,2,2,.46911,-1,-1,0,0,0,4,15,28.1466,60,-121,121,0,0,0,1,4,.000896,.001014,2,2,1,1,7,8,8,8
307,"Rhodes",1979,571,552,3,4,.0567442,-1,0,0,0,0,21,15,17.87442,315,0,36,0,0,0,1,4,.000061,.001014,1,2,3,3,7,7,8,8
304,"CHAD/L",1979,620,220,2,3,.0633393,0,0,0,1,0,4,19,4.81379,76,0,225,0,0,1,2,2,.00158,.023365,3,3,4,3,7,7,8,8
304,"CHAD/L",1979,620,483,2,3,.854516,-1,0,0,0,.854516,4,2,6.836128,8,0,4,1,0,0,2,4,.00158,.000269,3,1,4,3,7,7,8,8
304,"CHAD/L",1979,620,483,2,3,.854516,-1,0,0,0,.854516,4,4,13.67226,16,0,0,1,0,0,2,4,.00158,.000269,3,1,4,3,7,7,8,8
309,"US HOS",1979,630,2,2,3,.0561207,1,0,0,1,.0561207,5,21,5.892671,105,0,256,1,0,1,4,2,.008706,.146424,2,4,1,1,4,4,8,3
301,"NORTH/",1979,680,678,2,3,.3409091,0,0,0,0,0,4,4,5.454545,16,0,0,0,0,0,3,3,.000315,.000609,1,1,4,3,7,7,8,8
298,"SINO/V",1979,710,816,1,1,.8868557,-2,0,1,0,0,4,4,14.18969,16,0,0,0,1,0,2,5,.119706,.015272,3,3,4,4,8,8,8,8
311,"RAID O",1980,220,620,3,4,.9414602,-1,0,1,0,0,19,4,71.55097,76,0,225,0,1,0,2,4,.024204,.001505,3,2,1,1,6,6,6,6
315,"SOLIDA",1980,365,290,1,1,.9150957,-1,1,1,0,.9150957,4,5,18.30191,20,1,1,1,1,0,2,4,.168298,.015615,4,2,1,1,6,1,2,7
320,"E. AFR",1980,520,530,2,3,.1675226,0,0,0,0,.1675226,4,4,2.680362,16,0,0,1,0,0,3,3,.000685,.003404,1,2,1,1,1,1,3,3
323,"Mozamb",1980,541,560,2,2,.0973462,-1,-3,0,0,0,3,15,4.380579,45,-432,144,0,0,0,1,4,.000818,.007585,1,3,2,2,1,8,8,2
312,"OPERAT",1980,615,600,1,1,.4863502,0,-1,0,0,.4863502,2,6,5.836203,12,-16,16,1,0,0,3,3,.002797,.002954,2,3,3,4,7,8,8,8
316,"LIBYA/",1980,620,338,2,3,.9519292,0,1,0,0,0,4,,,,,,0,0,0,3,3,.001505,.000076,2,1,1,1,6,1,3,6
318,"LIBYAN",1980,620,420,1,1,.9722222,-1,0,0,0,.9722222,4,21,81.66666,84,0,289,1,0,0,2,4,.001505,.000043,2,1,1,1,6,4,3,3
311,"RAID O",1980,620,616,1,1,.666224,-1,-1,0,0,.666224,4,2,5.329792,8,-4,4,1,0,0,2,4,.001505,.000754,2,1,3,3,6,7,3,2
317,"ONSET",1980,645,630,2,2,.3776443,0,0,0,0,.3776443,2,5,3.776443,10,0,9,1,0,0,3,3,.004463,.007355,3,3,4,4,8,8,8,8
319,"JORDAN",1980,652,663,1,1,.7786965,-1,0,0,0,.7786965,2,1,1.557393,2,0,1,1,0,0,2,4,.003202,.00091,2,1,1,1,6,6,6,6
326,"CONTRA",1981,91,93,2,3,.4151351,-1,0,0,0,.4151351,10,6,24.90811,60,0,16,1,0,0,1,4,.000384,.000541,1,1,2,2,1,1,3,3
322,"ECUADO",1981,130,135,3,4,.2429828,0,0,0,0,.2429828,20,18,87.47382,360,0,4,1,0,0,3,3,.00116,.003614,1,2,2,3,7,7,8,8
328,"CAMERO",1981,471,475,1,1,.0894752,-1,0,0,0,.0894752,3,18,4.831663,54,0,225,1,0,0,1,3,.000607,.006177,1,3,1,1,1,1,3,3
330,"Gulf o",1981,620,2,1,1,.00666,1,-1,0,1,0,4,21,.5594368,84,-289,289,0,0,1,3,2,.00098,.146168,2,4,2,2,6,7,6,6
324,"IRAQ N",1981,666,645,3,4,.3674616,0,3,1,0,0,20,2,14.69846,40,972,324,0,0,0,6,5,.003205,.005517,3,3,2,4,8,1,1,1
327,"AL-BIQ",1981,666,652,1,1,.508085,0,0,1,0,0,20,2,20.3234,40,0,324,0,0,0,2,2,.003205,.003103,3,3,2,2,7,7,6,8
336,"FALKLA",1982,160,200,1,1,.2574296,0,0,0,1,0,3,21,16.21806,63,0,324,0,0,1,3,3,.007337,.021164,3,3,4,3,7,7,6,8
338,"OGADEN",1982,530,520,2,2,.8219882,0,1,0,0,.8219882,4,4,13.15181,16,0,0,1,0,0,3,3,.0032,.000693,2,1,3,3,8,7,6,8
339,"Lesoth",1982,570,560,2,2,.0083715,0,-3,0,0,0,4,15,.5022891,60,-363,121,0,0,0,3,4,.000064,.007581,1,3,2,2,1,8,8,3
337,"WAR IN",1982,666,652,2,3,.5466115,-1,0,1,0,0,20,2,21.86446,40,0,324,0,0,0,2,3,.003565,.002957,3,3,4,3,7,7,8,8
337,"WAR IN",1982,666,660,2,2,.8848349,-1,2,1,0,0,20,16,283.1472,320,32,16,0,0,0,2,3,.003565,.000464,3,1,3,3,7,1,3,8
343,"INVASI",1983,2,55,3,4,.9999282,-1,0,1,0,0,21,,,,,,0,1,0,2,4,.139328,1.00e-05,4,1,3,2,7,7,3,8
341,"CHAD/N",1983,483,475,1,1,.04107,0,0,0,0,.04107,4,18,2.957042,72,0,196,1,0,0,3,3,.000261,.006094,1,3,3,3,7,7,8,8
346,"ETHIOP",1983,530,625,1,1,.6717063,-1,-1,0,0,.6717063,4,4,10.7473,16,0,0,1,0,0,1,4,.00311,.00152,2,1,1,1,1,6,6,2
347,"Operat",1983,540,560,2,3,.0987459,-1,0,0,0,0,4,15,5.924753,60,0,121,0,0,0,1,4,.000811,.007402,2,3,3,3,7,7,8,8
345,"Maiten",1983,571,552,2,3,.0625,-1,-2,0,0,0,21,12,15.75,252,-162,81,0,0,0,1,4,.000072,.00108,1,2,2,2,1,7,6,2
342,"Chad/L",1983,620,220,2,3,.0839243,0,1,0,1,0,4,19,6.378246,76,225,225,0,0,1,2,2,.001787,.019506,2,3,2,2,7,6,6,3
342,"Chad/L",1983,620,483,2,2,.8725586,-1,0,0,0,.8725586,4,2,6.980469,8,0,4,1,0,0,2,4,.001787,.000261,2,1,2,2,7,7,8,8
340,"LIBYA",1983,620,625,1,1,.5403689,-1,0,0,0,.5403689,4,4,8.645903,16,0,0,1,0,0,2,4,.001787,.00152,2,1,1,1,6,4,6,6
340,"LIBYA",1983,620,651,1,1,.1866318,0,0,0,0,.1866318,4,6,4.479164,24,0,4,1,0,0,2,2,.001787,.007788,2,3,1,1,6,6,6,6
354,"NICARA",1984,2,93,2,2,.995509,-1,1,1,0,.995509,21,10,209.0569,210,121,121,1,1,0,2,4,.159159,.000718,4,1,1,1,6,1,3,2
350,"OMDURM",1984,620,625,1,1,.5617788,-1,1,0,0,.5617788,4,4,8.988461,16,0,0,1,0,0,2,4,.001996,.001557,2,1,1,1,7,6,6,2
350,"OMDURM",1984,620,651,1,1,.2111946,0,1,0,0,.2111946,4,6,5.06867,24,4,4,1,0,0,2,2,.001996,.007455,2,3,1,1,7,6,6,2
348,"BASRA-",1984,630,670,1,1,.6526706,0,0,0,0,0,5,1,3.263353,5,0,16,0,0,0,1,1,.012684,.00675,3,2,2,3,7,7,8,1
348,"BASRA-",1984,630,690,3,4,.9435394,0,3,0,0,0,5,3,14.15309,15,12,4,0,0,0,1,1,.012684,.000759,3,1,2,3,8,1,3,2
352,"SINO/V",1984,710,816,2,2,.9008247,1,0,1,0,0,4,4,14.41319,16,0,0,0,1,0,3,2,.117536,.01294,3,2,3,3,8,8,8,8
351,"Viet./",1984,800,816,2,2,.2763673,1,-1,0,0,0,13,4,14.3711,52,-81,81,0,0,0,3,2,.004942,.01294,2,3,2,2,7,8,8,8
353,"THREE",1984,812,800,2,3,.0915441,1,0,0,0,0,4,13,4.760294,52,0,81,0,0,0,3,1,.000498,.004942,1,2,2,3,7,7,8,1
359,"BURKIN",1985,439,432,2,2,.4974555,0,0,0,0,.4974555,4,4,7.959288,16,0,0,1,0,0,4,3,.000391,.000395,1,1,3,3,8,8,8,8
360,"LESOTH",1985,560,570,3,4,.9916248,-1,2,0,0,0,15,4,59.49749,60,242,121,0,0,0,1,4,.007696,.000065,3,1,2,3,7,1,3,3
355,"Botswa",1985,571,560,2,2,.0091412,0,-3,0,0,0,21,15,2.87949,315,-108,36,0,0,0,3,4,.000071,.007696,1,3,2,2,1,8,8,2
356,"EXPULS",1985,620,616,1,1,.5892094,-1,0,0,0,0,4,3,7.070513,12,0,1,0,0,0,2,4,.001103,.000769,2,1,1,1,6,4,6,3
357,"AL-BIQ",1985,652,666,1,1,.6175334,0,1,0,1,0,2,21,25.93641,42,361,361,0,0,0,2,2,.004156,.002574,3,3,1,1,6,1,2,2
369,"Contra",1986,2,93,2,2,.9952104,-1,-1,1,0,.9952104,21,10,208.9942,210,-121,121,1,1,0,2,4,.163735,.000788,4,1,1,1,6,7,6,1
369,"Contra",1986,91,93,2,2,.3838937,0,0,0,0,.3838937,16,10,61.42299,160,0,36,1,0,0,3,4,.000491,.000788,1,1,2,2,8,8,8,8
368,"ATTEMP",1986,452,461,1,1,.8280632,-1,0,0,0,0,4,4,13.24901,16,0,0,0,0,0,2,4,.000838,.000174,1,1,2,3,7,7,8,3
365,"Sa Cro",1986,551,560,2,2,.0942317,-1,-1,0,0,0,2,15,2.826952,30,-169,169,0,0,0,1,4,.000758,.007286,1,3,2,2,7,8,8,3
365,"Sa Cro",1986,552,560,2,2,.1207916,0,-1,0,0,0,12,15,21.74249,180,-9,9,0,0,0,3,4,.001001,.007286,1,3,2,2,7,8,8,3
367,"Mozamb",1986,553,541,1,1,.2961757,-1,0,0,0,0,2,4,2.369406,8,0,4,0,0,0,1,4,.000364,.000865,1,1,1,1,1,1,2,2
363,"GULF O",1986,620,2,1,1,.0075283,1,0,0,1,0,4,21,.6323791,84,0,289,0,0,1,3,2,.001242,.163735,2,4,3,4,8,8,8,8
370,"Chad/L",1986,620,220,2,2,.0543022,1,1,0,1,0,4,19,4.126967,76,225,225,0,0,1,3,2,.001242,.02163,2,3,2,2,7,6,6,3
362,"CHAD/L",1986,620,220,2,2,.0543022,1,0,0,1,0,4,20,4.344176,80,0,256,0,0,1,3,2,.001242,.02163,2,3,3,4,8,8,8,8
370,"Chad-L",1986,620,483,1,1,.7821159,0,0,0,0,.7821159,4,2,6.256927,8,0,4,1,0,0,3,4,.001242,.000346,3,1,4,3,7,7,8,8
366,"REBEL",1986,625,500,1,1,.6632981,0,0,0,0,0,18,4,47.75747,72,0,196,0,0,0,4,3,.001444,.000733,1,1,2,3,7,7,2,2
364,"AL-DIB",1986,632,692,2,3,,0,2,0,0,,,1,,,,,0,,0,3,3,,.000213,1,1,1,1,7,1,3,3
377,"CAMERO",1987,471,475,1,1,.0876296,0,0,0,0,0,3,4,1.051556,12,0,1,0,0,0,3,3,.0006,.006247,1,3,1,1,4,4,2,2
382,"KENYA/",1987,500,501,2,3,.4171551,0,0,0,0,0,4,4,6.674481,16,0,0,0,0,0,1,1,.000783,.001094,1,2,2,2,1,1,8,3
373,"TODGHE",1987,530,520,2,2,.829981,0,0,0,0,0,3,4,9.959772,12,0,1,0,0,0,3,3,.00392,.000803,2,1,3,4,7,7,8,3
380,"S.Afri",1987,540,560,2,3,.1162791,-1,0,0,0,0,4,15,6.976744,60,0,121,0,0,0,1,4,.00099,.007524,2,3,3,3,7,7,8,8
376,"AEGEAN",1987,640,350,2,2,.7957668,0,0,0,0,.7957668,19,21,317.511,399,0,4,1,0,0,1,1,.012219,.003136,2,2,1,1,1,1,2,6
371,"SINO/V",1987,710,816,2,2,.8837287,0,0,1,0,0,4,4,14.13966,16,0,0,0,1,0,3,3,.100586,.013234,3,3,3,4,8,8,8,8
378,"INDIA",1987,750,780,2,3,.9830177,-1,0,1,0,0,21,14,289.0072,294,0,49,0,0,0,2,4,.059737,.001032,3,1,1,1,1,1,5,2
372,"PUNJAB",1987,770,750,2,2,.1259492,0,0,0,1,0,7,19,16.75125,133,0,144,0,0,0,3,3,.008608,.059737,2,3,1,1,4,4,6,3
381,"THREE",1987,812,800,2,3,.110499,0,0,0,0,0,4,13,5.74595,52,0,81,0,0,0,3,3,.000682,.00549,1,2,3,3,7,7,8,8
384,"SPRATL",1988,710,816,2,2,.8960863,0,0,1,0,0,4,4,14.33738,16,0,0,0,1,0,3,3,.100238,.011624,3,3,3,3,7,7,8,6
391,"INVASI",1989,2,95,3,4,.9984151,-1,1,1,0,.9984151,21,3,377.4009,63,324,324,1,1,0,2,4,.183313,.000291,4,1,3,3,8,7,8,8
386,"LIBYAN",1989,2,620,2,2,.9917066,0,2,1,0,0,21,4,83.30335,84,578,289,0,1,0,2,2,.183313,.001533,4,2,2,2,7,1,2,3
389,"Contra",1989,91,93,2,3,.2881866,-1,0,0,0,.2881866,16,16,73.77577,256,0,0,1,0,0,1,4,.000383,.000946,1,1,2,2,7,7,8,8
390,"GALTAT",1989,615,600,2,2,.5000882,-1,1,0,0,.5000882,12,6,36.00635,72,36,36,1,0,0,2,4,.002836,.002835,2,2,3,3,8,7,8,8
394,"RWANDA",1990,500,517,2,3,.7858533,-1,0,0,0,.7858533,4,4,12.57365,16,0,0,1,0,0,1,4,.001211,.00033,1,1,3,3,7,7,8,8
393,"GULF W",1990,645,2,1,1,.0558787,1,0,0,1,0,2,21,2.346905,42,0,361,0,0,1,3,2,.010818,.18278,3,4,4,4,7,7,8,8
393,"GULF W",1990,645,200,1,1,.2625664,1,0,0,1,0,2,21,11.02779,42,0,361,0,0,1,3,2,.010818,.030383,3,3,4,4,7,7,8,8
393,"GULF W",1990,645,220,3,4,.3013287,1,0,0,1,0,2,20,12.05315,40,0,324,0,0,1,3,2,.010818,.025083,3,3,4,4,7,7,8,8
393,"GULF W",1990,645,651,1,1,.5335635,1,0,0,0,.5335635,2,2,2.134254,4,0,0,1,0,0,3,2,.010818,.009457,3,2,4,4,7,7,8,8
393,"GULF W",1990,645,652,1,1,.7125543,1,0,0,0,.7125543,2,2,2.850217,4,0,0,1,0,0,3,2,.010818,.004364,3,2,4,4,7,7,8,8
393,"GULF W",1990,645,666,1,1,.6406333,-2,2,0,1,0,2,20,25.62533,40,648,324,0,0,0,2,5,.007202,.00404,3,2,2,3,8,6,6,8
393,"GULF W",1990,645,670,1,1,.537674,1,0,0,0,.537674,2,1,1.075348,2,0,1,1,0,0,3,2,.010818,.009302,3,2,4,4,7,7,8,8
393,"GULF W",1990,645,690,1,1,.7406545,-1,0,0,0,.7406545,2,1,1.481309,2,0,1,1,0,0,3,6,.010818,.003788,3,1,4,2,7,7,3,8
392,"Kashmi",1990,770,750,2,2,.1282554,0,0,0,1,0,12,19,29.24223,228,0,49,0,0,0,3,3,.010209,.06939,2,3,3,2,7,7,6,6
400,"ECUADO",1991,135,130,2,3,.6662477,0,0,0,0,.6662477,19,20,253.1741,380,0,1,1,0,0,3,3,.00212,.001062,2,1,1,1,1,1,6,6
401,"NAGORN",1991,371,373,2,2,,-1,0,0,0,,18,12,,216,0,36,,,,1,3,,,1,1,3,3,7,7,8,8
395,"LIBERI",1991,439,451,1,1,.6717325,-1,-1,0,0,.6717325,7,5,23.51064,35,-4,4,1,0,0,2,4,.000442,.000216,1,1,3,4,7,8,8,8
396,"GHANA/",1991,461,452,2,2,.2093275,1,1,0,0,.2093275,4,4,3.349241,16,0,0,1,0,0,4,2,.000193,.000729,1,1,1,1,6,1,6,6
398,"BUBIYA",1991,645,690,1,1,.6281727,0,1,0,0,.6281727,2,2,2.512691,4,0,0,1,0,0,3,3,.007202,.004263,2,1,2,2,8,7,6,1
406,"IRAQ N",1992,2,645,3,4,.9539014,-1,1,1,0,0,21,2,40.06386,42,361,361,0,1,0,2,3,.172949,.008358,4,2,1,1,6,1,2,3
403,"YUG. I",1992,345,344,2,3,,0,0,0,0,,21,15,,315,0,36,,0,,3,3,.025273,,3,2,4,4,7,7,8,8
403,"YUG. I",1992,345,346,2,3,,-1,0,0,0,,21,,,,,,,0,,3,6,.025273,,3,1,4,4,7,7,8,8
407,"GEORGI",1992,365,372,2,3,,-1,0,1,0,,19,13,,247,0,36,,1,,2,3,.087616,,4,2,3,3,7,7,8,3
401,"Nagorn",1992,371,640,3,4,,0,1,0,0,,18,21,,378,9,9,,,0,1,2,,.014725,1,2,1,1,7,6,2,3
404,"PAPUA/",1992,910,940,2,3,.9494163,1,1,0,0,0,4,,,,,,0,0,0,3,2,.000244,.000013,1,1,2,2,7,6,2,3
409,"OPTN.",1993,652,666,2,3,.7052341,0,0,0,1,0,2,20,28.20936,40,0,324,0,0,0,3,4,.017341,.007248,1,3,2,3,7,7,8,8
409,"OPTN.",1993,666,660,1,1,.8803595,-1,0,1,0,0,20,10,176.0719,200,0,100,0,0,0,1,3,.007248,.000985,3,1,2,3,3,3,2,3
411,"HAITI",1994,2,41,2,3,.9889891,-1,1,1,0,.9889891,21,4,394.6066,84,289,289,1,1,0,1,4,.227511,.002533,4,1,1,1,6,1,2,6
410,"CAMERO",1994,475,471,2,2,.7823303,0,0,0,0,.7823303,4,5,15.64661,20,0,1,1,0,0,3,3,.001833,.00051,3,1,3,3,7,7,6,6
412,"IRAQ D",1994,645,2,1,1,.06661,1,0,0,1,0,2,21,2.797622,42,0,361,0,0,1,3,2,.016236,.227511,2,4,1,1,6,6,6,3
412,"IRAQ D",1994,645,690,1,1,.5996454,-1,0,0,0,.5996454,2,4,4.797163,8,0,4,1,0,0,3,6,.016236,.01084,2,1,1,1,6,6,6,3
